client_order_id,trader_id,strategy_id,instrument_id,venue_order_id,position_id,account_id,last_trade_id,type,side,quantity,time_in_force,is_reduce_only,is_quote_quantity,filled_qty,liquidity_side,avg_px,slippage,commissions,emulation_trigger,status,contingency_type,order_list_id,linked_order_ids,parent_order_id,exec_algorithm_id,exec_algorithm_params,exec_spawn_id,tags,init_id,ts_init,ts_last
O-20200401-044500-001-000-1,BACKTESTER-001,EMACrossTFStrategy-000,EURUSD.Commodities_MS,Commodities_MS-1-001,EURUSD.Commodities_MS-EMACrossTFStrategy-000,Commodities_MS-001,Commodities_MS-1-002,MARKET,BUY,100000,GTC,False,False,100000,TAKER,20.535009999899998,0.0,['2053.50 USD'],NO_TRIGGER,FILLED,NO_CONTINGENCY,,,,,,,['EMA Cross BUY: fast(10)=20.50533 >= slow(20)=20.49160'],f5f0ba83-bd58-4162-bcdc-b321dd6ff9ce,2020-04-01 04:45:00+00:00,2020-04-01 04:45:00+00:00
O-20200401-054500-001-000-2,BACKTESTER-001,EMACrossTFStrategy-000,EURUSD.Commodities_MS,Commodities_MS-1-002,EURUSD.Commodities_MS-EMACrossTFStrategy-000,Commodities_MS-001,Commodities_MS-1-004,MARKET,SELL,100000,GTC,True,False,100000,TAKER,20.2649900001,0.0,['2026.50 USD'],NO_TRIGGER,FILLED,NO_CONTINGENCY,,,,,,,,45813312-5db1-46ea-814f-7ede63da9b5c,2020-04-01 05:45:00+00:00,2020-04-01 05:45:00+00:00
O-20200401-054500-001-000-3,BACKTESTER-001,EMACrossTFStrategy-000,EURUSD.Commodities_MS,Commodities_MS-1-003,EURUSD.Commodities_MS-EMACrossTFStrategy-000,Commodities_MS-001,Commodities_MS-1-006,MARKET,SELL,100000,GTC,False,False,100000,TAKER,20.2649900001,0.0,['2026.50 USD'],NO_TRIGGER,FILLED,NO_CONTINGENCY,,,,,,,['EMA Cross SELL: fast(10)=20.44694 < slow(20)=20.46424'],34096a38-ad36-4849-860a-4f3ee6dd7153,2020-04-01 05:45:00+00:00,2020-04-01 05:45:00+00:00
O-20200401-103000-001-000-4,BACKTESTER-001,EMACrossTFStrategy-000,EURUSD.Commodities_MS,Commodities_MS-1-004,EURUSD.Commodities_MS-EMACrossTFStrategy-000,Commodities_MS-001,Commodities_MS-1-008,MARKET,BUY,100000,GTC,True,False,100000,TAKER,20.5650099999,0.0,['2056.50 USD'],NO_TRIGGER,FILLED,NO_CONTINGENCY,,,,,,,,d13d94fa-9338-4d1f-bfba-6fa5b0ae8d65,2020-04-01 10:30:00+00:00,2020-04-01 10:30:00+00:00
O-20200401-103000-001-000-5,BACKTESTER-001,EMACrossTFStrategy-000,EURUSD.Commodities_MS,Commodities_MS-1-005,EURUSD.Commodities_MS-EMACrossTFStrategy-000,Commodities_MS-001,Commodities_MS-1-010,MARKET,BUY,100000,GTC,False,False,100000,TAKER,20.5650099999,0.0,['2056.50 USD'],NO_TRIGGER,FILLED,NO_CONTINGENCY,,,,,,,['EMA Cross BUY: fast(10)=20.29533 >= slow(20)=20.29496'],b491ad5c-4433-4a10-847e-a633e1ddd113,2020-04-01 10:30:00+00:00,2020-04-01 10:30:00+00:00
O-20200401-130000-001-000-6,BACKTESTER-001,EMACrossTFStrategy-000,EURUSD.Commodities_MS,Commodities_MS-1-006,EURUSD.Commodities_MS-EMACrossTFStrategy-000,Commodities_MS-001,Commodities_MS-1-012,MARKET,SELL,100000,GTC,True,False,100000,TAKER,20.254990000099998,0.0,['2025.50 USD'],NO_TRIGGER,FILLED,NO_CONTINGENCY,,,,,,,,f37bb1e8-b705-4ff5-9ae2-9388f8f20df3,2020-04-01 13:00:00+00:00,2020-04-01 13:00:00+00:00
O-20200401-130000-001-000-7,BACKTESTER-001,EMACrossTFStrategy-000,EURUSD.Commodities_MS,Commodities_MS-1-007,EURUSD.Commodities_MS-EMACrossTFStrategy-000,Commodities_MS-001,Commodities_MS-1-014,MARKET,SELL,100000,GTC,False,False,100000,TAKER,20.254990000099998,0.0,['2025.50 USD'],NO_TRIGGER,FILLED,NO_CONTINGENCY,,,,,,,['EMA Cross SELL: fast(10)=20.35260 < slow(20)=20.36093'],9e631412-2c72-40ad-b1f2-02205d7cb086,2020-04-01 13:00:00+00:00,2020-04-01 13:00:00+00:00
O-20200401-131500-001-000-8,BACKTESTER-001,EMACrossTFStrategy-000,EURUSD.Commodities_MS,Commodities_MS-1-008,EURUSD.Commodities_MS-EMACrossTFStrategy-000,Commodities_MS-001,Commodities_MS-1-016,MARKET,BUY,100000,GTC,True,False,100000,TAKER,20.5150099999,0.0,['2051.50 USD'],NO_TRIGGER,FILLED,NO_CONTINGENCY,,,,,,,,ab49f451-30a8-4fd4-92d4-90c82ed66b26,2020-04-01 13:15:00+00:00,2020-04-01 13:15:00+00:00
O-20200401-131500-001-000-9,BACKTESTER-001,EMACrossTFStrategy-000,EURUSD.Commodities_MS,Commodities_MS-1-009,EURUSD.Commodities_MS-EMACrossTFStrategy-000,Commodities_MS-001,Commodities_MS-1-018,MARKET,BUY,100000,GTC,False,False,100000,TAKER,20.5150099999,0.0,['2051.50 USD'],NO_TRIGGER,FILLED,NO_CONTINGENCY,,,,,,,['EMA Cross BUY: fast(10)=20.37304 >= slow(20)=20.37084'],72e4b273-c47d-425b-b6cb-c91eef9f4051,2020-04-01 13:15:00+00:00,2020-04-01 13:15:00+00:00
O-20200401-134500-001-000-10,BACKTESTER-001,EMACrossTFStrategy-000,EURUSD.Commodities_MS,Commodities_MS-1-010,EURUSD.Commodities_MS-EMACrossTFStrategy-000,Commodities_MS-001,Commodities_MS-1-020,MARKET,SELL,100000,GTC,True,False,100000,TAKER,20.324990000099998,0.0,['2032.50 USD'],NO_TRIGGER,FILLED,NO_CONTINGENCY,,,,,,,,e52e84e1-a9ae-494a-b020-73cd18233c62,2020-04-01 13:45:00+00:00,2020-04-01 13:45:00+00:00
O-20200401-134500-001-000-11,BACKTESTER-001,EMACrossTFStrategy-000,EURUSD.Commodities_MS,Commodities_MS-1-011,EURUSD.Commodities_MS-EMACrossTFStrategy-000,Commodities_MS-001,Commodities_MS-1-022,MARKET,SELL,100000,GTC,False,False,100000,TAKER,20.324990000099998,0.0,['2032.50 USD'],NO_TRIGGER,FILLED,NO_CONTINGENCY,,,,,,,['EMA Cross SELL: fast(10)=20.36162 < slow(20)=20.36511'],1ea32958-fef8-4af3-9890-d3b28904fbb2,2020-04-01 13:45:00+00:00,2020-04-01 13:45:00+00:00
O-20200401-154500-001-000-12,BACKTESTER-001,EMACrossTFStrategy-000,EURUSD.Commodities_MS,Commodities_MS-1-012,EURUSD.Commodities_MS-EMACrossTFStrategy-000,Commodities_MS-001,Commodities_MS-1-024,MARKET,BUY,100000,GTC,True,False,100000,TAKER,20.715009999899998,0.0,['2071.50 USD'],NO_TRIGGER,FILLED,NO_CONTINGENCY,,,,,,,,fb605dfc-363d-4e87-882c-3e4576a9a643,2020-04-01 15:45:00+00:00,2020-04-01 15:45:00+00:00
O-20200401-154500-001-000-13,BACKTESTER-001,EMACrossTFStrategy-000,EURUSD.Commodities_MS,Commodities_MS-1-013,EURUSD.Commodities_MS-EMACrossTFStrategy-000,Commodities_MS-001,Commodities_MS-1-026,MARKET,BUY,100000,GTC,False,False,100000,TAKER,20.715009999899998,0.0,['2071.50 USD'],NO_TRIGGER,FILLED,NO_CONTINGENCY,,,,,,,['EMA Cross BUY: fast(10)=20.40163 >= slow(20)=20.37643'],418bae17-97c3-4f29-8f72-531de559bbdf,2020-04-01 15:45:00+00:00,2020-04-01 15:45:00+00:00
O-20200401-164500-001-000-14,BACKTESTER-001,EMACrossTFStrategy-000,EURUSD.Commodities_MS,Commodities_MS-1-014,EURUSD.Commodities_MS-EMACrossTFStrategy-000,Commodities_MS-001,Commodities_MS-1-028,MARKET,SELL,100000,GTC,True,False,100000,TAKER,20.1799900001,0.0,['2018.00 USD'],NO_TRIGGER,FILLED,NO_CONTINGENCY,,,,,,,,19028d75-7c9c-468e-9c5c-b2b4e2e1ef25,2020-04-01 16:45:00+00:00,2020-04-01 16:45:00+00:00
O-20200401-164500-001-000-15,BACKTESTER-001,EMACrossTFStrategy-000,EURUSD.Commodities_MS,Commodities_MS-1-015,EURUSD.Commodities_MS-EMACrossTFStrategy-000,Commodities_MS-001,Commodities_MS-1-030,MARKET,SELL,100000,GTC,False,False,100000,TAKER,20.1799900001,0.0,['2018.00 USD'],NO_TRIGGER,FILLED,NO_CONTINGENCY,,,,,,,['EMA Cross SELL: fast(10)=20.33242 < slow(20)=20.34666'],a445961a-6747-4dc9-bd50-89bac2299f6d,2020-04-01 16:45:00+00:00,2020-04-01 16:45:00+00:00
O-20200401-181500-001-000-16,BACKTESTER-001,EMACrossTFStrategy-000,EURUSD.Commodities_MS,Commodities_MS-1-016,EURUSD.Commodities_MS-EMACrossTFStrategy-000,Commodities_MS-001,Commodities_MS-1-032,MARKET,BUY,100000,GTC,True,False,100000,TAKER,20.9350099999,0.0,['2093.50 USD'],NO_TRIGGER,FILLED,NO_CONTINGENCY,,,,,,,,6a60430c-254b-49a6-a119-d553296c3ae6,2020-04-01 18:15:00+00:00,2020-04-01 18:15:00+00:00
O-20200401-181500-001-000-17,BACKTESTER-001,EMACrossTFStrategy-000,EURUSD.Commodities_MS,Commodities_MS-1-017,EURUSD.Commodities_MS-EMACrossTFStrategy-000,Commodities_MS-001,Commodities_MS-1-034,MARKET,BUY,100000,GTC,False,False,100000,TAKER,20.9350099999,0.0,['2093.50 USD'],NO_TRIGGER,FILLED,NO_CONTINGENCY,,,,,,,['EMA Cross BUY: fast(10)=20.41420 >= slow(20)=20.37371'],7330c1fc-0e5b-4fd1-9263-baee5eff5d42,2020-04-01 18:15:00+00:00,2020-04-01 18:15:00+00:00
O-20200402-134500-001-000-18,BACKTESTER-001,EMACrossTFStrategy-000,EURUSD.Commodities_MS,Commodities_MS-1-018,EURUSD.Commodities_MS-EMACrossTFStrategy-000,Commodities_MS-001,Commodities_MS-1-036,MARKET,SELL,100000,GTC,True,False,100000,TAKER,21.774990000099997,0.0,['2177.50 USD'],NO_TRIGGER,FILLED,NO_CONTINGENCY,,,,,,,,d7ec5f51-be31-49cd-9167-9e8cba564b4a,2020-04-02 13:45:00+00:00,2020-04-02 13:45:00+00:00
O-20200402-134500-001-000-19,BACKTESTER-001,EMACrossTFStrategy-000,EURUSD.Commodities_MS,Commodities_MS-1-019,EURUSD.Commodities_MS-EMACrossTFStrategy-000,Commodities_MS-001,Commodities_MS-1-038,MARKET,SELL,100000,GTC,False,False,100000,TAKER,21.774990000099997,0.0,['2177.50 USD'],NO_TRIGGER,FILLED,NO_CONTINGENCY,,,,,,,['EMA Cross SELL: fast(10)=22.13802 < slow(20)=22.15184'],407e8a44-09eb-488d-b475-c7c260bcc65d,2020-04-02 13:45:00+00:00,2020-04-02 13:45:00+00:00
O-20200402-143000-001-000-20,BACKTESTER-001,EMACrossTFStrategy-000,EURUSD.Commodities_MS,Commodities_MS-1-020,EURUSD.Commodities_MS-EMACrossTFStrategy-000,Commodities_MS-001,Commodities_MS-1-040,MARKET,BUY,100000,GTC,True,False,100000,TAKER,22.8260099999,0.0,['2282.60 USD'],NO_TRIGGER,FILLED,NO_CONTINGENCY,,,,,,,,8f29a02e-684b-4ec6-b77a-a8b4c5d99cc2,2020-04-02 14:30:00+00:00,2020-04-02 14:30:00+00:00
O-20200402-143000-001-000-21,BACKTESTER-001,EMACrossTFStrategy-000,EURUSD.Commodities_MS,Commodities_MS-1-021,EURUSD.Commodities_MS-EMACrossTFStrategy-000,Commodities_MS-001,Commodities_MS-1-042,MARKET,BUY,100000,GTC,False,False,100000,TAKER,22.8260099999,0.0,['2282.60 USD'],NO_TRIGGER,FILLED,NO_CONTINGENCY,,,,,,,['EMA Cross BUY: fast(10)=22.21697 >= slow(20)=22.18558'],e02cce7f-090e-4da1-9a7d-26c8ade1e472,2020-04-02 14:30:00+00:00,2020-04-02 14:30:00+00:00
O-20200403-001500-001-000-22,BACKTESTER-001,EMACrossTFStrategy-000,EURUSD.Commodities_MS,Commodities_MS-1-022,EURUSD.Commodities_MS-EMACrossTFStrategy-000,Commodities_MS-001,Commodities_MS-1-044,MARKET,SELL,100000,GTC,True,False,100000,TAKER,23.964990000100002,0.0,['2396.50 USD'],NO_TRIGGER,FILLED,NO_CONTINGENCY,,,,,,,,d7633771-a484-4aba-8046-7f9f52238177,2020-04-03 00:15:00+00:00,2020-04-03 00:15:00+00:00
O-20200403-001500-001-000-23,BACKTESTER-001,EMACrossTFStrategy-000,EURUSD.Commodities_MS,Commodities_MS-1-023,EURUSD.Commodities_MS-EMACrossTFStrategy-000,Commodities_MS-001,Commodities_MS-1-046,MARKET,SELL,100000,GTC,False,False,100000,TAKER,23.964990000100002,0.0,['2396.50 USD'],NO_TRIGGER,FILLED,NO_CONTINGENCY,,,,,,,['EMA Cross SELL: fast(10)=24.61033 < slow(20)=24.64315'],85819d41-f1a8-4e21-985d-2a1919dc66d6,2020-04-03 00:15:00+00:00,2020-04-03 00:15:00+00:00
O-20200403-070000-001-000-24,BACKTESTER-001,EMACrossTFStrategy-000,EURUSD.Commodities_MS,Commodities_MS-1-024,EURUSD.Commodities_MS-EMACrossTFStrategy-000,Commodities_MS-001,Commodities_MS-1-048,MARKET,BUY,100000,GTC,True,False,100000,TAKER,24.785009999899998,0.0,['2478.50 USD'],NO_TRIGGER,FILLED,NO_CONTINGENCY,,,,,,,,973dcf78-ad02-4c82-9380-b7b7ca0d53df,2020-04-03 07:00:00+00:00,2020-04-03 07:00:00+00:00
O-20200403-070000-001-000-25,BACKTESTER-001,EMACrossTFStrategy-000,EURUSD.Commodities_MS,Commodities_MS-1-025,EURUSD.Commodities_MS-EMACrossTFStrategy-000,Commodities_MS-001,Commodities_MS-1-050,MARKET,BUY,100000,GTC,False,False,100000,TAKER,24.785009999899998,0.0,['2478.50 USD'],NO_TRIGGER,FILLED,NO_CONTINGENCY,,,,,,,['EMA Cross BUY: fast(10)=24.18452 >= slow(20)=24.15532'],c6bc7153-233e-4b87-bbba-94761e627434,2020-04-03 07:00:00+00:00,2020-04-03 07:00:00+00:00
O-20200405-220000-001-000-26,BACKTESTER-001,EMACrossTFStrategy-000,EURUSD.Commodities_MS,Commodities_MS-1-026,EURUSD.Commodities_MS-EMACrossTFStrategy-000,Commodities_MS-001,Commodities_MS-1-052,MARKET,SELL,100000,GTC,True,False,100000,TAKER,25.524990000099997,0.0,['2552.50 USD'],NO_TRIGGER,FILLED,NO_CONTINGENCY,,,,,,,,85c0aba6-12b7-4e7c-87eb-f3d3bda86b8c,2020-04-05 22:00:00+00:00,2020-04-05 22:00:00+00:00
O-20200405-220000-001-000-27,BACKTESTER-001,EMACrossTFStrategy-000,EURUSD.Commodities_MS,Commodities_MS-1-027,EURUSD.Commodities_MS-EMACrossTFStrategy-000,Commodities_MS-001,Commodities_MS-1-054,MARKET,SELL,100000,GTC,False,False,100000,TAKER,25.524990000099997,0.0,['2552.50 USD'],NO_TRIGGER,FILLED,NO_CONTINGENCY,,,,,,,['EMA Cross SELL: fast(10)=28.33545 < slow(20)=28.63286'],4cbf6620-e3c7-4930-80e0-29e16f9c16be,2020-04-05 22:00:00+00:00,2020-04-05 22:00:00+00:00
O-20200406-040000-001-000-28,BACKTESTER-001,EMACrossTFStrategy-000,EURUSD.Commodities_MS,Commodities_MS-1-028,EURUSD.Commodities_MS-EMACrossTFStrategy-000,Commodities_MS-001,Commodities_MS-1-056,MARKET,BUY,100000,GTC,True,False,100000,TAKER,27.3950099999,0.0,['2739.50 USD'],NO_TRIGGER,FILLED,NO_CONTINGENCY,,,,,,,,c52b8a73-7a4a-4d62-aea2-81465d6ce2b6,2020-04-06 04:00:00+00:00,2020-04-06 04:00:00+00:00
O-20200406-040000-001-000-29,BACKTESTER-001,EMACrossTFStrategy-000,EURUSD.Commodities_MS,Commodities_MS-1-029,EURUSD.Commodities_MS-EMACrossTFStrategy-000,Commodities_MS-001,Commodities_MS-1-058,MARKET,BUY,100000,GTC,False,False,100000,TAKER,27.3950099999,0.0,['2739.50 USD'],NO_TRIGGER,FILLED,NO_CONTINGENCY,,,,,,,['EMA Cross BUY: fast(10)=26.98851 >= slow(20)=26.95165'],2407219d-5b55-4a1b-9d37-ac7103f5eaac,2020-04-06 04:00:00+00:00,2020-04-06 04:00:00+00:00
O-20200406-101500-001-000-30,BACKTESTER-001,EMACrossTFStrategy-000,EURUSD.Commodities_MS,Commodities_MS-1-030,EURUSD.Commodities_MS-EMACrossTFStrategy-000,Commodities_MS-001,Commodities_MS-1-060,MARKET,SELL,100000,GTC,True,False,100000,TAKER,27.1749900001,0.0,['2717.50 USD'],NO_TRIGGER,FILLED,NO_CONTINGENCY,,,,,,,,5a92f322-cc5c-4af9-b9f4-88139e0060a9,2020-04-06 10:15:00+00:00,2020-04-06 10:15:00+00:00
O-20200406-101500-001-000-31,BACKTESTER-001,EMACrossTFStrategy-000,EURUSD.Commodities_MS,Commodities_MS-1-031,EURUSD.Commodities_MS-EMACrossTFStrategy-000,Commodities_MS-001,Commodities_MS-1-062,MARKET,SELL,100000,GTC,False,False,100000,TAKER,27.1749900001,0.0,['2717.50 USD'],NO_TRIGGER,FILLED,NO_CONTINGENCY,,,,,,,['EMA Cross SELL: fast(10)=27.51788 < slow(20)=27.54455'],c9f601e9-6e2e-4a8b-af87-0f205804e02d,2020-04-06 10:15:00+00:00,2020-04-06 10:15:00+00:00
O-20200406-230000-001-000-32,BACKTESTER-001,EMACrossTFStrategy-000,EURUSD.Commodities_MS,Commodities_MS-1-032,EURUSD.Commodities_MS-EMACrossTFStrategy-000,Commodities_MS-001,Commodities_MS-1-064,MARKET,BUY,100000,GTC,True,False,100000,TAKER,26.7550099999,0.0,['2675.50 USD'],NO_TRIGGER,FILLED,NO_CONTINGENCY,,,,,,,,03aa1715-410b-4cfe-aa09-e66073c96364,2020-04-06 23:00:00+00:00,2020-04-06 23:00:00+00:00
O-20200406-230000-001-000-33,BACKTESTER-001,EMACrossTFStrategy-000,EURUSD.Commodities_MS,Commodities_MS-1-033,EURUSD.Commodities_MS-EMACrossTFStrategy-000,Commodities_MS-001,Commodities_MS-1-066,MARKET,BUY,100000,GTC,False,False,100000,TAKER,26.7550099999,0.0,['2675.50 USD'],NO_TRIGGER,FILLED,NO_CONTINGENCY,,,,,,,['EMA Cross BUY: fast(10)=26.47464 >= slow(20)=26.45217'],d6acf32d-353f-4d19-ab43-1dfd6d867b7f,2020-04-06 23:00:00+00:00,2020-04-06 23:00:00+00:00
O-20200407-064500-001-000-34,BACKTESTER-001,EMACrossTFStrategy-000,EURUSD.Commodities_MS,Commodities_MS-1-034,EURUSD.Commodities_MS-EMACrossTFStrategy-000,Commodities_MS-001,Commodities_MS-1-068,MARKET,SELL,100000,GTC,True,False,100000,TAKER,26.7969900001,0.0,['2679.70 USD'],NO_TRIGGER,FILLED,NO_CONTINGENCY,,,,,,,,4ad65fea-9ffa-4795-84bc-5eb93a3072e0,2020-04-07 06:45:00+00:00,2020-04-07 06:45:00+00:00
O-20200407-064500-001-000-35,BACKTESTER-001,EMACrossTFStrategy-000,EURUSD.Commodities_MS,Commodities_MS-1-035,EURUSD.Commodities_MS-EMACrossTFStrategy-000,Commodities_MS-001,Commodities_MS-1-070,MARKET,SELL,100000,GTC,False,False,100000,TAKER,26.7969900001,0.0,['2679.70 USD'],NO_TRIGGER,FILLED,NO_CONTINGENCY,,,,,,,['EMA Cross SELL: fast(10)=26.86994 < slow(20)=26.87136'],7c1bea94-3278-47c8-9df4-8a95b8889a55,2020-04-07 06:45:00+00:00,2020-04-07 06:45:00+00:00
O-20200407-070000-001-000-36,BACKTESTER-001,EMACrossTFStrategy-000,EURUSD.Commodities_MS,Commodities_MS-1-036,EURUSD.Commodities_MS-EMACrossTFStrategy-000,Commodities_MS-001,Commodities_MS-1-072,MARKET,BUY,100000,GTC,True,False,100000,TAKER,26.9850099999,0.0,['2698.50 USD'],NO_TRIGGER,FILLED,NO_CONTINGENCY,,,,,,,,36cff7cc-1754-4d90-aad2-9d7e30da6fe2,2020-04-07 07:00:00+00:00,2020-04-07 07:00:00+00:00
O-20200407-070000-001-000-37,BACKTESTER-001,EMACrossTFStrategy-000,EURUSD.Commodities_MS,Commodities_MS-1-037,EURUSD.Commodities_MS-EMACrossTFStrategy-000,Commodities_MS-001,Commodities_MS-1-074,MARKET,BUY,100000,GTC,False,False,100000,TAKER,26.9850099999,0.0,['2698.50 USD'],NO_TRIGGER,FILLED,NO_CONTINGENCY,,,,,,,['EMA Cross BUY: fast(10)=26.88213 >= slow(20)=26.87761'],d772e96d-597a-44a5-814e-b3ef4a3c6d66,2020-04-07 07:00:00+00:00,2020-04-07 07:00:00+00:00
O-20200407-111500-001-000-38,BACKTESTER-001,EMACrossTFStrategy-000,EURUSD.Commodities_MS,Commodities_MS-1-038,EURUSD.Commodities_MS-EMACrossTFStrategy-000,Commodities_MS-001,Commodities_MS-1-076,MARKET,SELL,100000,GTC,True,False,100000,TAKER,26.8669900001,0.0,['2686.70 USD'],NO_TRIGGER,FILLED,NO_CONTINGENCY,,,,,,,,eec0be20-e06a-4b2c-ac1f-f734630e3b4a,2020-04-07 11:15:00+00:00,2020-04-07 11:15:00+00:00
O-20200407-111500-001-000-39,BACKTESTER-001,EMACrossTFStrategy-000,EURUSD.Commodities_MS,Commodities_MS-1-039,EURUSD.Commodities_MS-EMACrossTFStrategy-000,Commodities_MS-001,Commodities_MS-1-078,MARKET,SELL,100000,GTC,False,False,100000,TAKER,26.8669900001,0.0,['2686.70 USD'],NO_TRIGGER,FILLED,NO_CONTINGENCY,,,,,,,['EMA Cross SELL: fast(10)=26.93582 < slow(20)=26.93875'],2923beec-41a9-429b-a263-ec7378007a25,2020-04-07 11:15:00+00:00,2020-04-07 11:15:00+00:00
O-20200408-001500-001-000-40,BACKTESTER-001,EMACrossTFStrategy-000,EURUSD.Commodities_MS,Commodities_MS-1-040,EURUSD.Commodities_MS-EMACrossTFStrategy-000,Commodities_MS-001,Commodities_MS-1-080,MARKET,BUY,100000,GTC,True,False,100000,TAKER,25.0950099999,0.0,['2509.51 USD'],NO_TRIGGER,FILLED,NO_CONTINGENCY,,,,,,,,d871311a-8aac-4157-a005-5891555730b2,2020-04-08 00:15:00+00:00,2020-04-08 00:15:00+00:00
O-20200408-001500-001-000-41,BACKTESTER-001,EMACrossTFStrategy-000,EURUSD.Commodities_MS,Commodities_MS-1-041,EURUSD.Commodities_MS-EMACrossTFStrategy-000,Commodities_MS-001,Commodities_MS-1-082,MARKET,BUY,100000,GTC,False,False,100000,TAKER,25.0950099999,0.0,['2509.51 USD'],NO_TRIGGER,FILLED,NO_CONTINGENCY,,,,,,,['EMA Cross BUY: fast(10)=24.62666 >= slow(20)=24.61563'],9ef5e4db-5b81-41c3-bb09-14a0dea9dc1f,2020-04-08 00:15:00+00:00,2020-04-08 00:15:00+00:00
O-20200408-064500-001-000-42,BACKTESTER-001,EMACrossTFStrategy-000,EURUSD.Commodities_MS,Commodities_MS-1-042,EURUSD.Commodities_MS-EMACrossTFStrategy-000,Commodities_MS-001,Commodities_MS-1-084,MARKET,SELL,100000,GTC,True,False,100000,TAKER,24.5849900001,0.0,['2458.49 USD'],NO_TRIGGER,FILLED,NO_CONTINGENCY,,,,,,,,70de4872-be3e-4d72-93d8-351db573079e,2020-04-08 06:45:00+00:00,2020-04-08 06:45:00+00:00
O-20200408-064500-001-000-43,BACKTESTER-001,EMACrossTFStrategy-000,EURUSD.Commodities_MS,Commodities_MS-1-043,EURUSD.Commodities_MS-EMACrossTFStrategy-000,Commodities_MS-001,Commodities_MS-1-086,MARKET,SELL,100000,GTC,False,False,100000,TAKER,24.5849900001,0.0,['2458.49 USD'],NO_TRIGGER,FILLED,NO_CONTINGENCY,,,,,,,['EMA Cross SELL: fast(10)=24.86382 < slow(20)=24.88316'],aa04e9d0-6a7e-4f8c-b890-f339f5ba99e8,2020-04-08 06:45:00+00:00,2020-04-08 06:45:00+00:00
O-20200408-140000-001-000-44,BACKTESTER-001,EMACrossTFStrategy-000,EURUSD.Commodities_MS,Commodities_MS-1-044,EURUSD.Commodities_MS-EMACrossTFStrategy-000,Commodities_MS-001,Commodities_MS-1-088,MARKET,BUY,100000,GTC,True,False,100000,TAKER,24.945009999899998,0.0,['2494.50 USD'],NO_TRIGGER,FILLED,NO_CONTINGENCY,,,,,,,,1529bf18-6a6c-42a9-9f4f-bcab88cdd569,2020-04-08 14:00:00+00:00,2020-04-08 14:00:00+00:00
O-20200408-140000-001-000-45,BACKTESTER-001,EMACrossTFStrategy-000,EURUSD.Commodities_MS,Commodities_MS-1-045,EURUSD.Commodities_MS-EMACrossTFStrategy-000,Commodities_MS-001,Commodities_MS-1-090,MARKET,BUY,100000,GTC,False,False,100000,TAKER,24.945009999899998,0.0,['2494.50 USD'],NO_TRIGGER,FILLED,NO_CONTINGENCY,,,,,,,['EMA Cross BUY: fast(10)=24.46597 >= slow(20)=24.43684'],f339ca1d-0a9c-48dd-b511-5c78fd91f7a8,2020-04-08 14:00:00+00:00,2020-04-08 14:00:00+00:00
O-20200408-163000-001-000-46,BACKTESTER-001,EMACrossTFStrategy-000,EURUSD.Commodities_MS,Commodities_MS-1-046,EURUSD.Commodities_MS-EMACrossTFStrategy-000,Commodities_MS-001,Commodities_MS-1-092,MARKET,SELL,100000,GTC,True,False,100000,TAKER,24.3549900001,0.0,['2435.49 USD'],NO_TRIGGER,FILLED,NO_CONTINGENCY,,,,,,,,95f96085-6702-4312-9e0b-5f0131412188,2020-04-08 16:30:00+00:00,2020-04-08 16:30:00+00:00
O-20200408-163000-001-000-47,BACKTESTER-001,EMACrossTFStrategy-000,EURUSD.Commodities_MS,Commodities_MS-1-047,EURUSD.Commodities_MS-EMACrossTFStrategy-000,Commodities_MS-001,Commodities_MS-1-094,MARKET,SELL,100000,GTC,False,False,100000,TAKER,24.3549900001,0.0,['2435.49 USD'],NO_TRIGGER,FILLED,NO_CONTINGENCY,,,,,,,['EMA Cross SELL: fast(10)=24.44382 < slow(20)=24.45150'],275bd2c0-25a8-4acd-ae9a-fea9a3f9ae26,2020-04-08 16:30:00+00:00,2020-04-08 16:30:00+00:00
O-20200408-183000-001-000-48,BACKTESTER-001,EMACrossTFStrategy-000,EURUSD.Commodities_MS,Commodities_MS-1-048,EURUSD.Commodities_MS-EMACrossTFStrategy-000,Commodities_MS-001,Commodities_MS-1-096,MARKET,BUY,100000,GTC,True,False,100000,TAKER,25.215009999899998,0.0,['2521.51 USD'],NO_TRIGGER,FILLED,NO_CONTINGENCY,,,,,,,,09a83879-d440-4f56-9798-cfb89abfeb8d,2020-04-08 18:30:00+00:00,2020-04-08 18:30:00+00:00
O-20200408-183000-001-000-49,BACKTESTER-001,EMACrossTFStrategy-000,EURUSD.Commodities_MS,Commodities_MS-1-049,EURUSD.Commodities_MS-EMACrossTFStrategy-000,Commodities_MS-001,Commodities_MS-1-098,MARKET,BUY,100000,GTC,False,False,100000,TAKER,25.215009999899998,0.0,['2521.51 USD'],NO_TRIGGER,FILLED,NO_CONTINGENCY,,,,,,,['EMA Cross BUY: fast(10)=24.47876 >= slow(20)=24.41994'],e635d3fb-ce55-4dbe-9cd8-4f3fb8fb99fb,2020-04-08 18:30:00+00:00,2020-04-08 18:30:00+00:00
O-20200409-030000-001-000-50,BACKTESTER-001,EMACrossTFStrategy-000,EURUSD.Commodities_MS,Commodities_MS-1-050,EURUSD.Commodities_MS-EMACrossTFStrategy-000,Commodities_MS-001,Commodities_MS-1-100,MARKET,SELL,100000,GTC,True,False,100000,TAKER,25.7349900001,0.0,['2573.50 USD'],NO_TRIGGER,FILLED,NO_CONTINGENCY,,,,,,,,f8c1fb64-f292-44c2-a1ac-9dec1a4550ad,2020-04-09 03:00:00+00:00,2020-04-09 03:00:00+00:00
O-20200409-030000-001-000-51,BACKTESTER-001,EMACrossTFStrategy-000,EURUSD.Commodities_MS,Commodities_MS-1-051,EURUSD.Commodities_MS-EMACrossTFStrategy-000,Commodities_MS-001,Commodities_MS-1-102,MARKET,SELL,100000,GTC,False,False,100000,TAKER,25.7349900001,0.0,['2573.50 USD'],NO_TRIGGER,FILLED,NO_CONTINGENCY,,,,,,,['EMA Cross SELL: fast(10)=25.99851 < slow(20)=26.01827'],bb0aa945-a28b-47db-9905-40657ad6fc25,2020-04-09 03:00:00+00:00,2020-04-09 03:00:00+00:00
O-20200409-063000-001-000-52,BACKTESTER-001,EMACrossTFStrategy-000,EURUSD.Commodities_MS,Commodities_MS-1-052,EURUSD.Commodities_MS-EMACrossTFStrategy-000,Commodities_MS-001,Commodities_MS-1-104,MARKET,BUY,100000,GTC,True,False,100000,TAKER,26.1450099999,0.0,['2614.50 USD'],NO_TRIGGER,FILLED,NO_CONTINGENCY,,,,,,,,41ee5868-bea0-4d99-8837-fe7ee66d35f1,2020-04-09 06:30:00+00:00,2020-04-09 06:30:00+00:00
O-20200409-063000-001-000-53,BACKTESTER-001,EMACrossTFStrategy-000,EURUSD.Commodities_MS,Commodities_MS-1-053,EURUSD.Commodities_MS-EMACrossTFStrategy-000,Commodities_MS-001,Commodities_MS-1-106,MARKET,BUY,100000,GTC,False,False,100000,TAKER,26.1450099999,0.0,['2614.50 USD'],NO_TRIGGER,FILLED,NO_CONTINGENCY,,,,,,,['EMA Cross BUY: fast(10)=25.92990 >= slow(20)=25.92573'],c18a9cf4-61d9-4d53-96d5-9cb1294ee898,2020-04-09 06:30:00+00:00,2020-04-09 06:30:00+00:00
O-20200409-120000-001-000-54,BACKTESTER-001,EMACrossTFStrategy-000,EURUSD.Commodities_MS,Commodities_MS-1-054,EURUSD.Commodities_MS-EMACrossTFStrategy-000,Commodities_MS-001,Commodities_MS-1-108,MARKET,SELL,100000,GTC,True,False,100000,TAKER,25.9349900001,0.0,['2593.50 USD'],NO_TRIGGER,FILLED,NO_CONTINGENCY,,,,,,,,a6636839-fc61-43c5-85b0-4a46cfc64c5f,2020-04-09 12:00:00+00:00,2020-04-09 12:00:00+00:00
O-20200409-120000-001-000-55,BACKTESTER-001,EMACrossTFStrategy-000,EURUSD.Commodities_MS,Commodities_MS-1-055,EURUSD.Commodities_MS-EMACrossTFStrategy-000,Commodities_MS-001,Commodities_MS-1-110,MARKET,SELL,100000,GTC,False,False,100000,TAKER,25.9349900001,0.0,['2593.50 USD'],NO_TRIGGER,FILLED,NO_CONTINGENCY,,,,,,,['EMA Cross SELL: fast(10)=26.25387 < slow(20)=26.28543'],28023560-9f4a-48e4-be31-fa1a92814bbc,2020-04-09 12:00:00+00:00,2020-04-09 12:00:00+00:00
O-20200409-134500-001-000-56,BACKTESTER-001,EMACrossTFStrategy-000,EURUSD.Commodities_MS,Commodities_MS-1-056,EURUSD.Commodities_MS-EMACrossTFStrategy-000,Commodities_MS-001,Commodities_MS-1-112,MARKET,BUY,100000,GTC,True,False,100000,TAKER,26.7950099999,0.0,['2679.50 USD'],NO_TRIGGER,FILLED,NO_CONTINGENCY,,,,,,,,ba862444-69b9-4999-954e-1021fdd2c013,2020-04-09 13:45:00+00:00,2020-04-09 13:45:00+00:00
O-20200409-134500-001-000-57,BACKTESTER-001,EMACrossTFStrategy-000,EURUSD.Commodities_MS,Commodities_MS-1-057,EURUSD.Commodities_MS-EMACrossTFStrategy-000,Commodities_MS-001,Commodities_MS-1-114,MARKET,BUY,100000,GTC,False,False,100000,TAKER,26.7950099999,0.0,['2679.50 USD'],NO_TRIGGER,FILLED,NO_CONTINGENCY,,,,,,,['EMA Cross BUY: fast(10)=26.33194 >= slow(20)=26.29500'],5a6c630f-425b-4108-a3b9-c36a27a4bab4,2020-04-09 13:45:00+00:00,2020-04-09 13:45:00+00:00
O-20200409-154500-001-000-58,BACKTESTER-001,EMACrossTFStrategy-000,EURUSD.Commodities_MS,Commodities_MS-1-058,EURUSD.Commodities_MS-EMACrossTFStrategy-000,Commodities_MS-001,Commodities_MS-1-116,MARKET,SELL,100000,GTC,True,False,100000,TAKER,25.374990000100002,0.0,['2537.50 USD'],NO_TRIGGER,FILLED,NO_CONTINGENCY,,,,,,,,82acfc1b-4c75-4e1e-aeb2-0eaccc10f542,2020-04-09 15:45:00+00:00,2020-04-09 15:45:00+00:00
O-20200409-154500-001-000-59,BACKTESTER-001,EMACrossTFStrategy-000,EURUSD.Commodities_MS,Commodities_MS-1-059,EURUSD.Commodities_MS-EMACrossTFStrategy-000,Commodities_MS-001,Commodities_MS-1-118,MARKET,SELL,100000,GTC,False,False,100000,TAKER,25.374990000100002,0.0,['2537.50 USD'],NO_TRIGGER,FILLED,NO_CONTINGENCY,,,,,,,['EMA Cross SELL: fast(10)=26.21274 < slow(20)=26.30031'],b398d600-2931-4346-9647-b763ed9147d5,2020-04-09 15:45:00+00:00,2020-04-09 15:45:00+00:00
O-20200412-220000-001-000-60,BACKTESTER-001,EMACrossTFStrategy-000,EURUSD.Commodities_MS,Commodities_MS-1-060,EURUSD.Commodities_MS-EMACrossTFStrategy-000,Commodities_MS-001,Commodities_MS-1-120,MARKET,BUY,100000,GTC,True,False,100000,TAKER,23.830009999900003,0.0,['2383.00 USD'],NO_TRIGGER,FILLED,NO_CONTINGENCY,,,,,,,,c9879e5b-de5f-4de2-b048-38c6cfeba6e9,2020-04-12 22:00:00+00:00,2020-04-12 22:00:00+00:00
O-20200412-220000-001-000-61,BACKTESTER-001,EMACrossTFStrategy-000,EURUSD.Commodities_MS,Commodities_MS-1-061,EURUSD.Commodities_MS-EMACrossTFStrategy-000,Commodities_MS-001,Commodities_MS-1-122,MARKET,BUY,100000,GTC,False,False,100000,TAKER,23.830009999900003,0.0,['2383.00 USD'],NO_TRIGGER,FILLED,NO_CONTINGENCY,,,,,,,['EMA Cross BUY: fast(10)=23.29318 >= slow(20)=23.24167'],1c88b236-5dc0-4e7a-9531-b2cf29f6b7ec,2020-04-12 22:00:00+00:00,2020-04-12 22:00:00+00:00
O-20200412-221500-001-000-62,BACKTESTER-001,EMACrossTFStrategy-000,EURUSD.Commodities_MS,Commodities_MS-1-062,EURUSD.Commodities_MS-EMACrossTFStrategy-000,Commodities_MS-001,Commodities_MS-1-124,MARKET,SELL,100000,GTC,True,False,100000,TAKER,22.3149900001,0.0,['2231.50 USD'],NO_TRIGGER,FILLED,NO_CONTINGENCY,,,,,,,,0826d8a7-d5bb-4514-a72e-f28200e5896c,2020-04-12 22:15:00+00:00,2020-04-12 22:15:00+00:00
O-20200412-221500-001-000-63,BACKTESTER-001,EMACrossTFStrategy-000,EURUSD.Commodities_MS,Commodities_MS-1-063,EURUSD.Commodities_MS-EMACrossTFStrategy-000,Commodities_MS-001,Commodities_MS-1-126,MARKET,SELL,100000,GTC,False,False,100000,TAKER,22.3149900001,0.0,['2231.50 USD'],NO_TRIGGER,FILLED,NO_CONTINGENCY,,,,,,,['EMA Cross SELL: fast(10)=23.11533 < slow(20)=23.15341'],024b1330-05a7-4ed3-acba-c70dc095e4c5,2020-04-12 22:15:00+00:00,2020-04-12 22:15:00+00:00
O-20200413-001500-001-000-64,BACKTESTER-001,EMACrossTFStrategy-000,EURUSD.Commodities_MS,Commodities_MS-1-064,EURUSD.Commodities_MS-EMACrossTFStrategy-000,Commodities_MS-001,Commodities_MS-1-128,MARKET,BUY,100000,GTC,True,False,100000,TAKER,23.6750099999,0.0,['2367.50 USD'],NO_TRIGGER,FILLED,NO_CONTINGENCY,,,,,,,,936fbba9-e2f8-4852-a1a6-c84c2dcfbbfd,2020-04-13 00:15:00+00:00,2020-04-13 00:15:00+00:00
O-20200413-001500-001-000-65,BACKTESTER-001,EMACrossTFStrategy-000,EURUSD.Commodities_MS,Commodities_MS-1-065,EURUSD.Commodities_MS-EMACrossTFStrategy-000,Commodities_MS-001,Commodities_MS-1-130,MARKET,BUY,100000,GTC,False,False,100000,TAKER,23.6750099999,0.0,['2367.50 USD'],NO_TRIGGER,FILLED,NO_CONTINGENCY,,,,,,,['EMA Cross BUY: fast(10)=23.10349 >= slow(20)=23.08356'],52aaf030-bb9f-4084-bad9-a926ffa0c5fc,2020-04-13 00:15:00+00:00,2020-04-13 00:15:00+00:00
O-20200413-060000-001-000-66,BACKTESTER-001,EMACrossTFStrategy-000,EURUSD.Commodities_MS,Commodities_MS-1-066,EURUSD.Commodities_MS-EMACrossTFStrategy-000,Commodities_MS-001,Commodities_MS-1-132,MARKET,SELL,100000,GTC,True,False,100000,TAKER,23.5659900001,0.0,['2356.60 USD'],NO_TRIGGER,FILLED,NO_CONTINGENCY,,,,,,,,ebb8cd8b-f9fa-405a-a7d0-a8b63d8b5395,2020-04-13 06:00:00+00:00,2020-04-13 06:00:00+00:00
O-20200413-060000-001-000-67,BACKTESTER-001,EMACrossTFStrategy-000,EURUSD.Commodities_MS,Commodities_MS-1-067,EURUSD.Commodities_MS-EMACrossTFStrategy-000,Commodities_MS-001,Commodities_MS-1-134,MARKET,SELL,100000,GTC,False,False,100000,TAKER,23.5659900001,0.0,['2356.60 USD'],NO_TRIGGER,FILLED,NO_CONTINGENCY,,,,,,,['EMA Cross SELL: fast(10)=23.71457 < slow(20)=23.72800'],9ec2dfc4-bd91-4756-a5a3-bb85a5e18e0c,2020-04-13 06:00:00+00:00,2020-04-13 06:00:00+00:00
O-20200413-134500-001-000-68,BACKTESTER-001,EMACrossTFStrategy-000,EURUSD.Commodities_MS,Commodities_MS-1-068,EURUSD.Commodities_MS-EMACrossTFStrategy-000,Commodities_MS-001,Commodities_MS-1-136,MARKET,BUY,100000,GTC,True,False,100000,TAKER,23.4260099999,0.0,['2342.60 USD'],NO_TRIGGER,FILLED,NO_CONTINGENCY,,,,,,,,eb0dc3d4-1beb-41d0-8c69-9502acc69f3a,2020-04-13 13:45:00+00:00,2020-04-13 13:45:00+00:00
O-20200413-134500-001-000-69,BACKTESTER-001,EMACrossTFStrategy-000,EURUSD.Commodities_MS,Commodities_MS-1-069,EURUSD.Commodities_MS-EMACrossTFStrategy-000,Commodities_MS-001,Commodities_MS-1-138,MARKET,BUY,100000,GTC,False,False,100000,TAKER,23.4260099999,0.0,['2342.60 USD'],NO_TRIGGER,FILLED,NO_CONTINGENCY,,,,,,,['EMA Cross BUY: fast(10)=23.08795 >= slow(20)=23.05911'],02fbcaa6-bb77-466b-b904-490a729f864f,2020-04-13 13:45:00+00:00,2020-04-13 13:45:00+00:00
O-20200413-161500-001-000-70,BACKTESTER-001,EMACrossTFStrategy-000,EURUSD.Commodities_MS,Commodities_MS-1-070,EURUSD.Commodities_MS-EMACrossTFStrategy-000,Commodities_MS-001,Commodities_MS-1-140,MARKET,SELL,100000,GTC,True,False,100000,TAKER,22.9849900001,0.0,['2298.50 USD'],NO_TRIGGER,FILLED,NO_CONTINGENCY,,,,,,,,c4c09e73-6e27-421d-96ed-02ce3c94be45,2020-04-13 16:15:00+00:00,2020-04-13 16:15:00+00:00
O-20200413-161500-001-000-71,BACKTESTER-001,EMACrossTFStrategy-000,EURUSD.Commodities_MS,Commodities_MS-1-071,EURUSD.Commodities_MS-EMACrossTFStrategy-000,Commodities_MS-001,Commodities_MS-1-142,MARKET,SELL,100000,GTC,False,False,100000,TAKER,22.9849900001,0.0,['2298.50 USD'],NO_TRIGGER,FILLED,NO_CONTINGENCY,,,,,,,['EMA Cross SELL: fast(10)=23.11124 < slow(20)=23.11825'],399dffe9-98a8-4ee3-919b-9d4972b1525e,2020-04-13 16:15:00+00:00,2020-04-13 16:15:00+00:00
O-20200413-231500-001-000-72,BACKTESTER-001,EMACrossTFStrategy-000,EURUSD.Commodities_MS,Commodities_MS-1-072,EURUSD.Commodities_MS-EMACrossTFStrategy-000,Commodities_MS-001,Commodities_MS-1-144,MARKET,BUY,100000,GTC,True,False,100000,TAKER,22.9150099999,0.0,['2291.50 USD'],NO_TRIGGER,FILLED,NO_CONTINGENCY,,,,,,,,22d03732-9632-4575-a038-0fd8defd3ddf,2020-04-13 23:15:00+00:00,2020-04-13 23:15:00+00:00
O-20200413-231500-001-000-73,BACKTESTER-001,EMACrossTFStrategy-000,EURUSD.Commodities_MS,Commodities_MS-1-073,EURUSD.Commodities_MS-EMACrossTFStrategy-000,Commodities_MS-001,Commodities_MS-1-146,MARKET,BUY,100000,GTC,False,False,100000,TAKER,22.9150099999,0.0,['2291.50 USD'],NO_TRIGGER,FILLED,NO_CONTINGENCY,,,,,,,['EMA Cross BUY: fast(10)=22.68452 >= slow(20)=22.67785'],66546791-d235-4a89-8219-515e09b97a27,2020-04-13 23:15:00+00:00,2020-04-13 23:15:00+00:00
O-20200414-023000-001-000-74,BACKTESTER-001,EMACrossTFStrategy-000,EURUSD.Commodities_MS,Commodities_MS-1-074,EURUSD.Commodities_MS-EMACrossTFStrategy-000,Commodities_MS-001,Commodities_MS-1-148,MARKET,SELL,100000,GTC,True,False,100000,TAKER,22.544990000099997,0.0,['2254.50 USD'],NO_TRIGGER,FILLED,NO_CONTINGENCY,,,,,,,,33125868-e3d7-4065-bf09-f9e76198dcc0,2020-04-14 02:30:00+00:00,2020-04-14 02:30:00+00:00
O-20200414-023000-001-000-75,BACKTESTER-001,EMACrossTFStrategy-000,EURUSD.Commodities_MS,Commodities_MS-1-075,EURUSD.Commodities_MS-EMACrossTFStrategy-000,Commodities_MS-001,Commodities_MS-1-150,MARKET,SELL,100000,GTC,False,False,100000,TAKER,22.544990000099997,0.0,['2254.50 USD'],NO_TRIGGER,FILLED,NO_CONTINGENCY,,,,,,,['EMA Cross SELL: fast(10)=22.71637 < slow(20)=22.72411'],6a29f622-04b3-412a-aac1-6ac8be1d92e6,2020-04-14 02:30:00+00:00,2020-04-14 02:30:00+00:00
O-20200415-134500-001-000-76,BACKTESTER-001,EMACrossTFStrategy-000,EURUSD.Commodities_MS,Commodities_MS-1-076,EURUSD.Commodities_MS-EMACrossTFStrategy-000,Commodities_MS-001,Commodities_MS-1-152,MARKET,BUY,100000,GTC,True,False,100000,TAKER,20.135009999900003,0.0,['2013.50 USD'],NO_TRIGGER,FILLED,NO_CONTINGENCY,,,,,,,,a523b6be-19c0-4ac4-bbe9-82f9a6993c86,2020-04-15 13:45:00+00:00,2020-04-15 13:45:00+00:00
O-20200415-134500-001-000-77,BACKTESTER-001,EMACrossTFStrategy-000,EURUSD.Commodities_MS,Commodities_MS-1-077,EURUSD.Commodities_MS-EMACrossTFStrategy-000,Commodities_MS-001,Commodities_MS-1-154,MARKET,BUY,100000,GTC,False,False,100000,TAKER,20.135009999900003,0.0,['2013.50 USD'],NO_TRIGGER,FILLED,NO_CONTINGENCY,,,,,,,['EMA Cross BUY: fast(10)=19.74398 >= slow(20)=19.74064'],7f49a8c5-b570-470f-abf6-216002ad8b15,2020-04-15 13:45:00+00:00,2020-04-15 13:45:00+00:00
O-20200415-150000-001-000-78,BACKTESTER-001,EMACrossTFStrategy-000,EURUSD.Commodities_MS,Commodities_MS-1-078,EURUSD.Commodities_MS-EMACrossTFStrategy-000,Commodities_MS-001,Commodities_MS-1-156,MARKET,SELL,100000,GTC,True,False,100000,TAKER,19.4049900001,0.0,['1940.50 USD'],NO_TRIGGER,FILLED,NO_CONTINGENCY,,,,,,,,83371d2d-a3b3-46b5-b699-5f2aaec4b9cd,2020-04-15 15:00:00+00:00,2020-04-15 15:00:00+00:00
O-20200415-150000-001-000-79,BACKTESTER-001,EMACrossTFStrategy-000,EURUSD.Commodities_MS,Commodities_MS-1-079,EURUSD.Commodities_MS-EMACrossTFStrategy-000,Commodities_MS-001,Commodities_MS-1-158,MARKET,SELL,100000,GTC,False,False,100000,TAKER,19.4049900001,0.0,['1940.50 USD'],NO_TRIGGER,FILLED,NO_CONTINGENCY,,,,,,,['EMA Cross SELL: fast(10)=19.77028 < slow(20)=19.77166'],3a735eb1-6e93-43b5-a1a4-deb474f6e655,2020-04-15 15:00:00+00:00,2020-04-15 15:00:00+00:00
O-20200415-170000-001-000-80,BACKTESTER-001,EMACrossTFStrategy-000,EURUSD.Commodities_MS,Commodities_MS-1-080,EURUSD.Commodities_MS-EMACrossTFStrategy-000,Commodities_MS-001,Commodities_MS-1-160,MARKET,BUY,100000,GTC,True,False,100000,TAKER,19.975009999900003,0.0,['1997.50 USD'],NO_TRIGGER,FILLED,NO_CONTINGENCY,,,,,,,,1c4949f8-e27c-4c61-9d98-94419bd67059,2020-04-15 17:00:00+00:00,2020-04-15 17:00:00+00:00
O-20200415-170000-001-000-81,BACKTESTER-001,EMACrossTFStrategy-000,EURUSD.Commodities_MS,Commodities_MS-1-081,EURUSD.Commodities_MS-EMACrossTFStrategy-000,Commodities_MS-001,Commodities_MS-1-162,MARKET,BUY,100000,GTC,False,False,100000,TAKER,19.975009999900003,0.0,['1997.50 USD'],NO_TRIGGER,FILLED,NO_CONTINGENCY,,,,,,,['EMA Cross BUY: fast(10)=19.70378 >= slow(20)=19.70321'],df6de330-3b85-4cd4-a72c-8ef81de51df4,2020-04-15 17:00:00+00:00,2020-04-15 17:00:00+00:00
O-20200416-033000-001-000-82,BACKTESTER-001,EMACrossTFStrategy-000,EURUSD.Commodities_MS,Commodities_MS-1-082,EURUSD.Commodities_MS-EMACrossTFStrategy-000,Commodities_MS-001,Commodities_MS-1-164,MARKET,SELL,100000,GTC,True,False,100000,TAKER,20.079990000099997,0.0,['2008.00 USD'],NO_TRIGGER,FILLED,NO_CONTINGENCY,,,,,,,,256e63df-d48e-41dd-99db-d45149c4eeec,2020-04-16 03:30:00+00:00,2020-04-16 03:30:00+00:00
O-20200416-033000-001-000-83,BACKTESTER-001,EMACrossTFStrategy-000,EURUSD.Commodities_MS,Commodities_MS-1-083,EURUSD.Commodities_MS-EMACrossTFStrategy-000,Commodities_MS-001,Commodities_MS-1-166,MARKET,SELL,100000,GTC,False,False,100000,TAKER,20.079990000099997,0.0,['2008.00 USD'],NO_TRIGGER,FILLED,NO_CONTINGENCY,,,,,,,['EMA Cross SELL: fast(10)=20.27196 < slow(20)=20.28238'],d01633b8-78b3-4862-a74d-3605e44391bb,2020-04-16 03:30:00+00:00,2020-04-16 03:30:00+00:00
O-20200416-084500-001-000-84,BACKTESTER-001,EMACrossTFStrategy-000,EURUSD.Commodities_MS,Commodities_MS-1-084,EURUSD.Commodities_MS-EMACrossTFStrategy-000,Commodities_MS-001,Commodities_MS-1-168,MARKET,BUY,100000,GTC,True,False,100000,TAKER,20.2260099999,0.0,['2022.60 USD'],NO_TRIGGER,FILLED,NO_CONTINGENCY,,,,,,,,543f509f-f8fb-410c-935e-940a98477218,2020-04-16 08:45:00+00:00,2020-04-16 08:45:00+00:00
O-20200416-084500-001-000-85,BACKTESTER-001,EMACrossTFStrategy-000,EURUSD.Commodities_MS,Commodities_MS-1-085,EURUSD.Commodities_MS-EMACrossTFStrategy-000,Commodities_MS-001,Commodities_MS-1-170,MARKET,BUY,100000,GTC,False,False,100000,TAKER,20.2260099999,0.0,['2022.60 USD'],NO_TRIGGER,FILLED,NO_CONTINGENCY,,,,,,,['EMA Cross BUY: fast(10)=20.01835 >= slow(20)=20.01349'],98acdb8c-d131-451a-99fa-e5061418405f,2020-04-16 08:45:00+00:00,2020-04-16 08:45:00+00:00
O-20200416-141500-001-000-86,BACKTESTER-001,EMACrossTFStrategy-000,EURUSD.Commodities_MS,Commodities_MS-1-086,EURUSD.Commodities_MS-EMACrossTFStrategy-000,Commodities_MS-001,Commodities_MS-1-172,MARKET,SELL,100000,GTC,True,False,100000,TAKER,19.8949900001,0.0,['1989.50 USD'],NO_TRIGGER,FILLED,NO_CONTINGENCY,,,,,,,,8faa1f46-9bcc-46cf-9a65-1a5526907d26,2020-04-16 14:15:00+00:00,2020-04-16 14:15:00+00:00
O-20200416-141500-001-000-87,BACKTESTER-001,EMACrossTFStrategy-000,EURUSD.Commodities_MS,Commodities_MS-1-087,EURUSD.Commodities_MS-EMACrossTFStrategy-000,Commodities_MS-001,Commodities_MS-1-174,MARKET,SELL,100000,GTC,False,False,100000,TAKER,19.8949900001,0.0,['1989.50 USD'],NO_TRIGGER,FILLED,NO_CONTINGENCY,,,,,,,['EMA Cross SELL: fast(10)=20.10843 < slow(20)=20.11606'],b59dfe05-ddcf-4656-8159-032746819351,2020-04-16 14:15:00+00:00,2020-04-16 14:15:00+00:00
O-20200416-153000-001-000-88,BACKTESTER-001,EMACrossTFStrategy-000,EURUSD.Commodities_MS,Commodities_MS-1-088,EURUSD.Commodities_MS-EMACrossTFStrategy-000,Commodities_MS-001,Commodities_MS-1-176,MARKET,BUY,100000,GTC,True,False,100000,TAKER,20.2350099999,0.0,['2023.50 USD'],NO_TRIGGER,FILLED,NO_CONTINGENCY,,,,,,,,a16eeb36-e0d2-4c94-a8fd-260b1b593850,2020-04-16 15:30:00+00:00,2020-04-16 15:30:00+00:00
O-20200416-153000-001-000-89,BACKTESTER-001,EMACrossTFStrategy-000,EURUSD.Commodities_MS,Commodities_MS-1-089,EURUSD.Commodities_MS-EMACrossTFStrategy-000,Commodities_MS-001,Commodities_MS-1-178,MARKET,BUY,100000,GTC,False,False,100000,TAKER,20.2350099999,0.0,['2023.50 USD'],NO_TRIGGER,FILLED,NO_CONTINGENCY,,,,,,,['EMA Cross BUY: fast(10)=20.12627 >= slow(20)=20.12065'],a47e8f0e-1002-4134-974c-759f6e752957,2020-04-16 15:30:00+00:00,2020-04-16 15:30:00+00:00
O-20200416-154500-001-000-90,BACKTESTER-001,EMACrossTFStrategy-000,EURUSD.Commodities_MS,Commodities_MS-1-090,EURUSD.Commodities_MS-EMACrossTFStrategy-000,Commodities_MS-001,Commodities_MS-1-180,MARKET,SELL,100000,GTC,True,False,100000,TAKER,19.9749900001,0.0,['1997.50 USD'],NO_TRIGGER,FILLED,NO_CONTINGENCY,,,,,,,,df7593f1-32cd-492b-bf3c-843527db6269,2020-04-16 15:45:00+00:00,2020-04-16 15:45:00+00:00
O-20200416-154500-001-000-91,BACKTESTER-001,EMACrossTFStrategy-000,EURUSD.Commodities_MS,Commodities_MS-1-091,EURUSD.Commodities_MS-EMACrossTFStrategy-000,Commodities_MS-001,Commodities_MS-1-182,MARKET,SELL,100000,GTC,False,False,100000,TAKER,19.9749900001,0.0,['1997.50 USD'],NO_TRIGGER,FILLED,NO_CONTINGENCY,,,,,,,['EMA Cross SELL: fast(10)=20.09877 < slow(20)=20.10678'],9ebc74f8-c346-40f6-9aa2-923282af6e81,2020-04-16 15:45:00+00:00,2020-04-16 15:45:00+00:00
O-20200416-223000-001-000-92,BACKTESTER-001,EMACrossTFStrategy-000,EURUSD.Commodities_MS,Commodities_MS-1-092,EURUSD.Commodities_MS-EMACrossTFStrategy-000,Commodities_MS-001,Commodities_MS-1-184,MARKET,BUY,100000,GTC,True,False,100000,TAKER,20.050009999900002,0.0,['2005.00 USD'],NO_TRIGGER,FILLED,NO_CONTINGENCY,,,,,,,,b2ae591c-30ed-4f57-96d2-65e3c1b22d40,2020-04-16 22:30:00+00:00,2020-04-16 22:30:00+00:00
O-20200416-223000-001-000-93,BACKTESTER-001,EMACrossTFStrategy-000,EURUSD.Commodities_MS,Commodities_MS-1-093,EURUSD.Commodities_MS-EMACrossTFStrategy-000,Commodities_MS-001,Commodities_MS-1-186,MARKET,BUY,100000,GTC,False,False,100000,TAKER,20.050009999900002,0.0,['2005.00 USD'],NO_TRIGGER,FILLED,NO_CONTINGENCY,,,,,,,['EMA Cross BUY: fast(10)=19.79593 >= slow(20)=19.78089'],5e76429a-5e89-40a9-9af6-3217d6249b20,2020-04-16 22:30:00+00:00,2020-04-16 22:30:00+00:00
O-20200417-024500-001-000-94,BACKTESTER-001,EMACrossTFStrategy-000,EURUSD.Commodities_MS,Commodities_MS-1-094,EURUSD.Commodities_MS-EMACrossTFStrategy-000,Commodities_MS-001,Commodities_MS-1-188,MARKET,SELL,100000,GTC,True,False,100000,TAKER,19.6649900001,0.0,['1966.50 USD'],NO_TRIGGER,FILLED,NO_CONTINGENCY,,,,,,,,20ddab5b-2913-4b19-85fd-fff2f4fcbc4e,2020-04-17 02:45:00+00:00,2020-04-17 02:45:00+00:00
O-20200417-024500-001-000-95,BACKTESTER-001,EMACrossTFStrategy-000,EURUSD.Commodities_MS,Commodities_MS-1-095,EURUSD.Commodities_MS-EMACrossTFStrategy-000,Commodities_MS-001,Commodities_MS-1-190,MARKET,SELL,100000,GTC,False,False,100000,TAKER,19.6649900001,0.0,['1966.50 USD'],NO_TRIGGER,FILLED,NO_CONTINGENCY,,,,,,,['EMA Cross SELL: fast(10)=19.87355 < slow(20)=19.88016'],0c27fcf0-4c5b-4b62-9600-74ee56b17164,2020-04-17 02:45:00+00:00,2020-04-17 02:45:00+00:00
O-20200417-204500-001-000-96,BACKTESTER-001,EMACrossTFStrategy-000,EURUSD.Commodities_MS,Commodities_MS-1-096,EURUSD.Commodities_MS-EMACrossTFStrategy-000,Commodities_MS-001,Commodities_MS-1-192,MARKET,BUY,100000,GTC,True,False,100000,TAKER,18.3600099999,0.0,['1836.00 USD'],NO_TRIGGER,FILLED,NO_CONTINGENCY,,,,,,,,9afa092a-1b86-4716-9ec8-4550b1f5dec4,2020-04-17 20:45:00+00:00,2020-04-17 20:45:00+00:00
O-20200417-204500-001-000-97,BACKTESTER-001,EMACrossTFStrategy-000,EURUSD.Commodities_MS,Commodities_MS-1-097,EURUSD.Commodities_MS-EMACrossTFStrategy-000,Commodities_MS-001,Commodities_MS-1-194,MARKET,BUY,100000,GTC,False,False,100000,TAKER,18.3600099999,0.0,['1836.00 USD'],NO_TRIGGER,FILLED,NO_CONTINGENCY,,,,,,,['EMA Cross BUY: fast(10)=18.16279 >= slow(20)=18.15792'],bde9747c-371c-455e-a5e9-7cc56df9649e,2020-04-17 20:45:00+00:00,2020-04-17 20:45:00+00:00
O-20200420-084500-001-000-98,BACKTESTER-001,EMACrossTFStrategy-000,EURUSD.Commodities_MS,Commodities_MS-1-098,EURUSD.Commodities_MS-EMACrossTFStrategy-000,Commodities_MS-001,Commodities_MS-1-196,MARKET,SELL,100000,GTC,True,False,100000,TAKER,23.3149900001,0.0,['2331.50 USD'],NO_TRIGGER,FILLED,NO_CONTINGENCY,,,,,,,,6a99cfcd-3fd6-4d7e-9bc9-e14e6a08c876,2020-04-20 08:45:00+00:00,2020-04-20 08:45:00+00:00
O-20200420-084500-001-000-99,BACKTESTER-001,EMACrossTFStrategy-000,EURUSD.Commodities_MS,Commodities_MS-1-099,EURUSD.Commodities_MS-EMACrossTFStrategy-000,Commodities_MS-001,Commodities_MS-1-198,MARKET,SELL,100000,GTC,False,False,100000,TAKER,23.3149900001,0.0,['2331.50 USD'],NO_TRIGGER,FILLED,NO_CONTINGENCY,,,,,,,['EMA Cross SELL: fast(10)=23.51553 < slow(20)=23.52958'],69c4d051-2bc4-400f-a061-f3a1dd17f143,2020-04-20 08:45:00+00:00,2020-04-20 08:45:00+00:00
O-20200420-161500-001-000-100,BACKTESTER-001,EMACrossTFStrategy-000,EURUSD.Commodities_MS,Commodities_MS-1-100,EURUSD.Commodities_MS-EMACrossTFStrategy-000,Commodities_MS-001,Commodities_MS-1-200,MARKET,BUY,100000,GTC,True,False,100000,TAKER,22.820009999899998,0.0,['2282.00 USD'],NO_TRIGGER,FILLED,NO_CONTINGENCY,,,,,,,,1cb892cb-8401-479e-b5f8-640fb1bc6df8,2020-04-20 16:15:00+00:00,2020-04-20 16:15:00+00:00
O-20200420-161500-001-000-101,BACKTESTER-001,EMACrossTFStrategy-000,EURUSD.Commodities_MS,Commodities_MS-1-101,EURUSD.Commodities_MS-EMACrossTFStrategy-000,Commodities_MS-001,Commodities_MS-1-202,MARKET,BUY,100000,GTC,False,False,100000,TAKER,22.820009999899998,0.0,['2282.00 USD'],NO_TRIGGER,FILLED,NO_CONTINGENCY,,,,,,,['EMA Cross BUY: fast(10)=22.68694 >= slow(20)=22.68618'],f8884b3e-4634-4c1c-944d-17c7987d90a1,2020-04-20 16:15:00+00:00,2020-04-20 16:15:00+00:00
O-20200420-163000-001-000-102,BACKTESTER-001,EMACrossTFStrategy-000,EURUSD.Commodities_MS,Commodities_MS-1-102,EURUSD.Commodities_MS-EMACrossTFStrategy-000,Commodities_MS-001,Commodities_MS-1-204,MARKET,SELL,100000,GTC,True,False,100000,TAKER,22.6149900001,0.0,['2261.50 USD'],NO_TRIGGER,FILLED,NO_CONTINGENCY,,,,,,,,4a9a30ca-2647-456a-a157-9586c9cc34c3,2020-04-20 16:30:00+00:00,2020-04-20 16:30:00+00:00
O-20200420-163000-001-000-103,BACKTESTER-001,EMACrossTFStrategy-000,EURUSD.Commodities_MS,Commodities_MS-1-103,EURUSD.Commodities_MS-EMACrossTFStrategy-000,Commodities_MS-001,Commodities_MS-1-206,MARKET,SELL,100000,GTC,False,False,100000,TAKER,22.6149900001,0.0,['2261.50 USD'],NO_TRIGGER,FILLED,NO_CONTINGENCY,,,,,,,['EMA Cross SELL: fast(10)=22.67386 < slow(20)=22.67940'],2537fc11-4720-427a-8274-6f0aacf8d1e4,2020-04-20 16:30:00+00:00,2020-04-20 16:30:00+00:00
O-20200420-164500-001-000-104,BACKTESTER-001,EMACrossTFStrategy-000,EURUSD.Commodities_MS,Commodities_MS-1-104,EURUSD.Commodities_MS-EMACrossTFStrategy-000,Commodities_MS-001,Commodities_MS-1-208,MARKET,BUY,100000,GTC,True,False,100000,TAKER,22.7800099999,0.0,['2278.00 USD'],NO_TRIGGER,FILLED,NO_CONTINGENCY,,,,,,,,ad20ac5b-a26f-4193-a1f6-ddea131c58be,2020-04-20 16:45:00+00:00,2020-04-20 16:45:00+00:00
O-20200420-164500-001-000-105,BACKTESTER-001,EMACrossTFStrategy-000,EURUSD.Commodities_MS,Commodities_MS-1-105,EURUSD.Commodities_MS-EMACrossTFStrategy-000,Commodities_MS-001,Commodities_MS-1-210,MARKET,BUY,100000,GTC,False,False,100000,TAKER,22.7800099999,0.0,['2278.00 USD'],NO_TRIGGER,FILLED,NO_CONTINGENCY,,,,,,,['EMA Cross BUY: fast(10)=22.68498 >= slow(20)=22.68470'],0f0b5e0a-77ce-4ef4-8b6d-4f46b4fda49d,2020-04-20 16:45:00+00:00,2020-04-20 16:45:00+00:00
O-20200420-170000-001-000-106,BACKTESTER-001,EMACrossTFStrategy-000,EURUSD.Commodities_MS,Commodities_MS-1-106,EURUSD.Commodities_MS-EMACrossTFStrategy-000,Commodities_MS-001,Commodities_MS-1-212,MARKET,SELL,100000,GTC,True,False,100000,TAKER,22.2449900001,0.0,['2224.50 USD'],NO_TRIGGER,FILLED,NO_CONTINGENCY,,,,,,,,82e42b68-3827-404d-bf9b-bb154ede76c4,2020-04-20 17:00:00+00:00,2020-04-20 17:00:00+00:00
O-20200420-170000-001-000-107,BACKTESTER-001,EMACrossTFStrategy-000,EURUSD.Commodities_MS,Commodities_MS-1-107,EURUSD.Commodities_MS-EMACrossTFStrategy-000,Commodities_MS-001,Commodities_MS-1-214,MARKET,SELL,100000,GTC,False,False,100000,TAKER,22.2449900001,0.0,['2224.50 USD'],NO_TRIGGER,FILLED,NO_CONTINGENCY,,,,,,,['EMA Cross SELL: fast(10)=22.60498 < slow(20)=22.64282'],5c8c1132-7f63-4148-a7db-047846e802db,2020-04-20 17:00:00+00:00,2020-04-20 17:00:00+00:00
O-20200421-004500-001-000-108,BACKTESTER-001,EMACrossTFStrategy-000,EURUSD.Commodities_MS,Commodities_MS-1-108,EURUSD.Commodities_MS-EMACrossTFStrategy-000,Commodities_MS-001,Commodities_MS-1-216,MARKET,BUY,100000,GTC,True,False,100000,TAKER,21.8800099999,0.0,['2188.00 USD'],NO_TRIGGER,FILLED,NO_CONTINGENCY,,,,,,,,d2976ab7-83fd-4986-bf3b-92da29fd4a3c,2020-04-21 00:45:00+00:00,2020-04-21 00:45:00+00:00
O-20200421-004500-001-000-109,BACKTESTER-001,EMACrossTFStrategy-000,EURUSD.Commodities_MS,Commodities_MS-1-109,EURUSD.Commodities_MS-EMACrossTFStrategy-000,Commodities_MS-001,Commodities_MS-1-218,MARKET,BUY,100000,GTC,False,False,100000,TAKER,21.8800099999,0.0,['2188.00 USD'],NO_TRIGGER,FILLED,NO_CONTINGENCY,,,,,,,['EMA Cross BUY: fast(10)=21.43400 >= slow(20)=21.41334'],e10f4437-5cdc-48bc-9d63-a4b9d7c6022a,2020-04-21 00:45:00+00:00,2020-04-21 00:45:00+00:00
O-20200421-030000-001-000-110,BACKTESTER-001,EMACrossTFStrategy-000,EURUSD.Commodities_MS,Commodities_MS-1-110,EURUSD.Commodities_MS-EMACrossTFStrategy-000,Commodities_MS-001,Commodities_MS-1-220,MARKET,SELL,100000,GTC,True,False,100000,TAKER,21.124990000100002,0.0,['2112.50 USD'],NO_TRIGGER,FILLED,NO_CONTINGENCY,,,,,,,,d1495db9-0630-4ef0-aba7-cd835ba1ac5e,2020-04-21 03:00:00+00:00,2020-04-21 03:00:00+00:00
O-20200421-030000-001-000-111,BACKTESTER-001,EMACrossTFStrategy-000,EURUSD.Commodities_MS,Commodities_MS-1-111,EURUSD.Commodities_MS-EMACrossTFStrategy-000,Commodities_MS-001,Commodities_MS-1-222,MARKET,SELL,100000,GTC,False,False,100000,TAKER,21.124990000100002,0.0,['2112.50 USD'],NO_TRIGGER,FILLED,NO_CONTINGENCY,,,,,,,['EMA Cross SELL: fast(10)=21.51390 < slow(20)=21.52204'],18ac74bf-7353-4a70-a70f-c098e0b83214,2020-04-21 03:00:00+00:00,2020-04-21 03:00:00+00:00
O-20200421-211500-001-000-112,BACKTESTER-001,EMACrossTFStrategy-000,EURUSD.Commodities_MS,Commodities_MS-1-112,EURUSD.Commodities_MS-EMACrossTFStrategy-000,Commodities_MS-001,Commodities_MS-1-224,MARKET,BUY,100000,GTC,True,False,100000,TAKER,13.130009999899999,0.0,['1313.00 USD'],NO_TRIGGER,FILLED,NO_CONTINGENCY,,,,,,,,11148e4b-4422-42b3-997d-0bee7fa48ac0,2020-04-21 21:15:00+00:00,2020-04-21 21:15:00+00:00
O-20200421-211500-001-000-113,BACKTESTER-001,EMACrossTFStrategy-000,EURUSD.Commodities_MS,Commodities_MS-1-113,EURUSD.Commodities_MS-EMACrossTFStrategy-000,Commodities_MS-001,Commodities_MS-1-226,MARKET,BUY,100000,GTC,False,False,100000,TAKER,13.130009999899999,0.0,['1313.00 USD'],NO_TRIGGER,FILLED,NO_CONTINGENCY,,,,,,,['EMA Cross BUY: fast(10)=12.86397 >= slow(20)=12.85197'],6149a191-625f-4e71-b242-fcf51f01b6b9,2020-04-21 21:15:00+00:00,2020-04-21 21:15:00+00:00
O-20200422-020000-001-000-114,BACKTESTER-001,EMACrossTFStrategy-000,EURUSD.Commodities_MS,Commodities_MS-1-114,EURUSD.Commodities_MS-EMACrossTFStrategy-000,Commodities_MS-001,Commodities_MS-1-228,MARKET,SELL,100000,GTC,True,False,100000,TAKER,12.939990000099998,0.0,['1294.00 USD'],NO_TRIGGER,FILLED,NO_CONTINGENCY,,,,,,,,4c0f79a8-0f2d-4ecb-aba9-5e70f63477f1,2020-04-22 02:00:00+00:00,2020-04-22 02:00:00+00:00
O-20200422-020000-001-000-115,BACKTESTER-001,EMACrossTFStrategy-000,EURUSD.Commodities_MS,Commodities_MS-1-115,EURUSD.Commodities_MS-EMACrossTFStrategy-000,Commodities_MS-001,Commodities_MS-1-230,MARKET,SELL,100000,GTC,False,False,100000,TAKER,12.939990000099998,0.0,['1294.00 USD'],NO_TRIGGER,FILLED,NO_CONTINGENCY,,,,,,,['EMA Cross SELL: fast(10)=13.30252 < slow(20)=13.30901'],4d8ebbf6-e88c-4767-8bf2-2c294b7ad93d,2020-04-22 02:00:00+00:00,2020-04-22 02:00:00+00:00
O-20200422-104500-001-000-116,BACKTESTER-001,EMACrossTFStrategy-000,EURUSD.Commodities_MS,Commodities_MS-1-116,EURUSD.Commodities_MS-EMACrossTFStrategy-000,Commodities_MS-001,Commodities_MS-1-232,MARKET,BUY,100000,GTC,True,False,100000,TAKER,11.640009999899998,0.0,['1164.00 USD'],NO_TRIGGER,FILLED,NO_CONTINGENCY,,,,,,,,12834306-3614-4a5d-9e26-dfbdef9353d6,2020-04-22 10:45:00+00:00,2020-04-22 10:45:00+00:00
O-20200422-104500-001-000-117,BACKTESTER-001,EMACrossTFStrategy-000,EURUSD.Commodities_MS,Commodities_MS-1-117,EURUSD.Commodities_MS-EMACrossTFStrategy-000,Commodities_MS-001,Commodities_MS-1-234,MARKET,BUY,100000,GTC,False,False,100000,TAKER,11.640009999899998,0.0,['1164.00 USD'],NO_TRIGGER,FILLED,NO_CONTINGENCY,,,,,,,['EMA Cross BUY: fast(10)=11.30308 >= slow(20)=11.29874'],5a002c3d-499d-4427-9102-4e09792730dc,2020-04-22 10:45:00+00:00,2020-04-22 10:45:00+00:00
O-20200422-120000-001-000-118,BACKTESTER-001,EMACrossTFStrategy-000,EURUSD.Commodities_MS,Commodities_MS-1-118,EURUSD.Commodities_MS-EMACrossTFStrategy-000,Commodities_MS-001,Commodities_MS-1-236,MARKET,SELL,100000,GTC,True,False,100000,TAKER,11.2599900001,0.0,['1126.00 USD'],NO_TRIGGER,FILLED,NO_CONTINGENCY,,,,,,,,6b8ae61b-8a0f-476e-8348-361dee1a962b,2020-04-22 12:00:00+00:00,2020-04-22 12:00:00+00:00
O-20200422-120000-001-000-119,BACKTESTER-001,EMACrossTFStrategy-000,EURUSD.Commodities_MS,Commodities_MS-1-119,EURUSD.Commodities_MS-EMACrossTFStrategy-000,Commodities_MS-001,Commodities_MS-1-238,MARKET,SELL,100000,GTC,False,False,100000,TAKER,11.2599900001,0.0,['1126.00 USD'],NO_TRIGGER,FILLED,NO_CONTINGENCY,,,,,,,['EMA Cross SELL: fast(10)=11.31340 < slow(20)=11.31501'],9de4cbed-eee5-472f-a31e-13ea10f00775,2020-04-22 12:00:00+00:00,2020-04-22 12:00:00+00:00
O-20200422-121500-001-000-120,BACKTESTER-001,EMACrossTFStrategy-000,EURUSD.Commodities_MS,Commodities_MS-1-120,EURUSD.Commodities_MS-EMACrossTFStrategy-000,Commodities_MS-001,Commodities_MS-1-240,MARKET,BUY,100000,GTC,True,False,100000,TAKER,11.845009999899998,0.0,['1184.50 USD'],NO_TRIGGER,FILLED,NO_CONTINGENCY,,,,,,,,cabff5ff-7e30-4f21-ade4-0827ae8bbd85,2020-04-22 12:15:00+00:00,2020-04-22 12:15:00+00:00
O-20200422-121500-001-000-121,BACKTESTER-001,EMACrossTFStrategy-000,EURUSD.Commodities_MS,Commodities_MS-1-121,EURUSD.Commodities_MS-EMACrossTFStrategy-000,Commodities_MS-001,Commodities_MS-1-242,MARKET,BUY,100000,GTC,False,False,100000,TAKER,11.845009999899998,0.0,['1184.50 USD'],NO_TRIGGER,FILLED,NO_CONTINGENCY,,,,,,,['EMA Cross BUY: fast(10)=11.40096 >= slow(20)=11.36073'],7b51e990-3d79-4ffc-81a1-f312699e8431,2020-04-22 12:15:00+00:00,2020-04-22 12:15:00+00:00
O-20200423-010000-001-000-122,BACKTESTER-001,EMACrossTFStrategy-000,EURUSD.Commodities_MS,Commodities_MS-1-122,EURUSD.Commodities_MS-EMACrossTFStrategy-000,Commodities_MS-001,Commodities_MS-1-244,MARKET,SELL,100000,GTC,True,False,100000,TAKER,13.5699900001,0.0,['1357.00 USD'],NO_TRIGGER,FILLED,NO_CONTINGENCY,,,,,,,,6b8b29a0-9f49-47de-9f39-f809ca7a9acc,2020-04-23 01:00:00+00:00,2020-04-23 01:00:00+00:00
O-20200423-010000-001-000-123,BACKTESTER-001,EMACrossTFStrategy-000,EURUSD.Commodities_MS,Commodities_MS-1-123,EURUSD.Commodities_MS-EMACrossTFStrategy-000,Commodities_MS-001,Commodities_MS-1-246,MARKET,SELL,100000,GTC,False,False,100000,TAKER,13.5699900001,0.0,['1357.00 USD'],NO_TRIGGER,FILLED,NO_CONTINGENCY,,,,,,,['EMA Cross SELL: fast(10)=14.08095 < slow(20)=14.13249'],edf79fdc-dd26-40e7-9998-e94c54c5997b,2020-04-23 01:00:00+00:00,2020-04-23 01:00:00+00:00
O-20200423-033000-001-000-124,BACKTESTER-001,EMACrossTFStrategy-000,EURUSD.Commodities_MS,Commodities_MS-1-124,EURUSD.Commodities_MS-EMACrossTFStrategy-000,Commodities_MS-001,Commodities_MS-1-248,MARKET,BUY,100000,GTC,True,False,100000,TAKER,14.3360099999,0.0,['1433.60 USD'],NO_TRIGGER,FILLED,NO_CONTINGENCY,,,,,,,,21301587-9e71-4009-81bf-e1c70d99571d,2020-04-23 03:30:00+00:00,2020-04-23 03:30:00+00:00
O-20200423-033000-001-000-125,BACKTESTER-001,EMACrossTFStrategy-000,EURUSD.Commodities_MS,Commodities_MS-1-125,EURUSD.Commodities_MS-EMACrossTFStrategy-000,Commodities_MS-001,Commodities_MS-1-250,MARKET,BUY,100000,GTC,False,False,100000,TAKER,14.3360099999,0.0,['1433.60 USD'],NO_TRIGGER,FILLED,NO_CONTINGENCY,,,,,,,['EMA Cross BUY: fast(10)=14.12994 >= slow(20)=14.12407'],e1374eb2-8318-473c-a67a-ee26c43af31d,2020-04-23 03:30:00+00:00,2020-04-23 03:30:00+00:00
O-20200423-181500-001-000-126,BACKTESTER-001,EMACrossTFStrategy-000,EURUSD.Commodities_MS,Commodities_MS-1-126,EURUSD.Commodities_MS-EMACrossTFStrategy-000,Commodities_MS-001,Commodities_MS-1-252,MARKET,SELL,100000,GTC,True,False,100000,TAKER,16.399990000099997,0.0,['1640.00 USD'],NO_TRIGGER,FILLED,NO_CONTINGENCY,,,,,,,,c5bb9aef-9260-407d-9563-1e89f4ec20a2,2020-04-23 18:15:00+00:00,2020-04-23 18:15:00+00:00
O-20200423-181500-001-000-127,BACKTESTER-001,EMACrossTFStrategy-000,EURUSD.Commodities_MS,Commodities_MS-1-127,EURUSD.Commodities_MS-EMACrossTFStrategy-000,Commodities_MS-001,Commodities_MS-1-254,MARKET,SELL,100000,GTC,False,False,100000,TAKER,16.399990000099997,0.0,['1640.00 USD'],NO_TRIGGER,FILLED,NO_CONTINGENCY,,,,,,,['EMA Cross SELL: fast(10)=16.90764 < slow(20)=16.95202'],d6c8e7a0-6e5e-4c63-aefa-752272d38a52,2020-04-23 18:15:00+00:00,2020-04-23 18:15:00+00:00
O-20200423-204500-001-000-128,BACKTESTER-001,EMACrossTFStrategy-000,EURUSD.Commodities_MS,Commodities_MS-1-128,EURUSD.Commodities_MS-EMACrossTFStrategy-000,Commodities_MS-001,Commodities_MS-1-256,MARKET,BUY,100000,GTC,True,False,100000,TAKER,17.080009999900003,0.0,['1708.00 USD'],NO_TRIGGER,FILLED,NO_CONTINGENCY,,,,,,,,e221f381-e733-4439-897b-986e9a4ecb40,2020-04-23 20:45:00+00:00,2020-04-23 20:45:00+00:00
O-20200423-204500-001-000-129,BACKTESTER-001,EMACrossTFStrategy-000,EURUSD.Commodities_MS,Commodities_MS-1-129,EURUSD.Commodities_MS-EMACrossTFStrategy-000,Commodities_MS-001,Commodities_MS-1-258,MARKET,BUY,100000,GTC,False,False,100000,TAKER,17.080009999900003,0.0,['1708.00 USD'],NO_TRIGGER,FILLED,NO_CONTINGENCY,,,,,,,['EMA Cross BUY: fast(10)=16.94546 >= slow(20)=16.93758'],b02e8def-119e-4603-befd-a0806b9b64d5,2020-04-23 20:45:00+00:00,2020-04-23 20:45:00+00:00
O-20200423-210000-001-000-130,BACKTESTER-001,EMACrossTFStrategy-000,EURUSD.Commodities_MS,Commodities_MS-1-130,EURUSD.Commodities_MS-EMACrossTFStrategy-000,Commodities_MS-001,Commodities_MS-1-260,MARKET,SELL,100000,GTC,True,False,100000,TAKER,16.8349900001,0.0,['1683.50 USD'],NO_TRIGGER,FILLED,NO_CONTINGENCY,,,,,,,,f80a0c48-1a35-4efc-8734-cb4979d80c73,2020-04-23 21:00:00+00:00,2020-04-23 21:00:00+00:00
O-20200423-210000-001-000-131,BACKTESTER-001,EMACrossTFStrategy-000,EURUSD.Commodities_MS,Commodities_MS-1-131,EURUSD.Commodities_MS-EMACrossTFStrategy-000,Commodities_MS-001,Commodities_MS-1-262,MARKET,SELL,100000,GTC,False,False,100000,TAKER,16.8349900001,0.0,['1683.50 USD'],NO_TRIGGER,FILLED,NO_CONTINGENCY,,,,,,,['EMA Cross SELL: fast(10)=16.92538 < slow(20)=16.92781'],628d4430-fc6f-40d5-a1d2-d2469379d6c6,2020-04-23 21:00:00+00:00,2020-04-23 21:00:00+00:00
O-20200423-231500-001-000-132,BACKTESTER-001,EMACrossTFStrategy-000,EURUSD.Commodities_MS,Commodities_MS-1-132,EURUSD.Commodities_MS-EMACrossTFStrategy-000,Commodities_MS-001,Commodities_MS-1-264,MARKET,BUY,100000,GTC,True,False,100000,TAKER,17.225009999900003,0.0,['1722.50 USD'],NO_TRIGGER,FILLED,NO_CONTINGENCY,,,,,,,,c5b4e835-4728-4a90-aaf4-fd4f1796742d,2020-04-23 23:15:00+00:00,2020-04-23 23:15:00+00:00
O-20200423-231500-001-000-133,BACKTESTER-001,EMACrossTFStrategy-000,EURUSD.Commodities_MS,Commodities_MS-1-133,EURUSD.Commodities_MS-EMACrossTFStrategy-000,Commodities_MS-001,Commodities_MS-1-266,MARKET,BUY,100000,GTC,False,False,100000,TAKER,17.225009999900003,0.0,['1722.50 USD'],NO_TRIGGER,FILLED,NO_CONTINGENCY,,,,,,,['EMA Cross BUY: fast(10)=16.91333 >= slow(20)=16.89953'],ec5619ca-ca34-4dfa-b079-02ac63d374c9,2020-04-23 23:15:00+00:00,2020-04-23 23:15:00+00:00
O-20200424-060000-001-000-134,BACKTESTER-001,EMACrossTFStrategy-000,EURUSD.Commodities_MS,Commodities_MS-1-134,EURUSD.Commodities_MS-EMACrossTFStrategy-000,Commodities_MS-001,Commodities_MS-1-268,MARKET,SELL,100000,GTC,True,False,100000,TAKER,16.9249900001,0.0,['1692.50 USD'],NO_TRIGGER,FILLED,NO_CONTINGENCY,,,,,,,,b426c242-cb40-4692-9e4d-839389419f68,2020-04-24 06:00:00+00:00,2020-04-24 06:00:00+00:00
O-20200424-060000-001-000-135,BACKTESTER-001,EMACrossTFStrategy-000,EURUSD.Commodities_MS,Commodities_MS-1-135,EURUSD.Commodities_MS-EMACrossTFStrategy-000,Commodities_MS-001,Commodities_MS-1-270,MARKET,SELL,100000,GTC,False,False,100000,TAKER,16.9249900001,0.0,['1692.50 USD'],NO_TRIGGER,FILLED,NO_CONTINGENCY,,,,,,,['EMA Cross SELL: fast(10)=17.30391 < slow(20)=17.33009'],b78f134c-0c43-43a7-b962-9703fcff83ec,2020-04-24 06:00:00+00:00,2020-04-24 06:00:00+00:00
O-20200424-113000-001-000-136,BACKTESTER-001,EMACrossTFStrategy-000,EURUSD.Commodities_MS,Commodities_MS-1-136,EURUSD.Commodities_MS-EMACrossTFStrategy-000,Commodities_MS-001,Commodities_MS-1-272,MARKET,BUY,100000,GTC,True,False,100000,TAKER,17.0400099999,0.0,['1704.00 USD'],NO_TRIGGER,FILLED,NO_CONTINGENCY,,,,,,,,f8735ccd-3f1d-402e-adcd-43243cbb6a0c,2020-04-24 11:30:00+00:00,2020-04-24 11:30:00+00:00
O-20200424-113000-001-000-137,BACKTESTER-001,EMACrossTFStrategy-000,EURUSD.Commodities_MS,Commodities_MS-1-137,EURUSD.Commodities_MS-EMACrossTFStrategy-000,Commodities_MS-001,Commodities_MS-1-274,MARKET,BUY,100000,GTC,False,False,100000,TAKER,17.0400099999,0.0,['1704.00 USD'],NO_TRIGGER,FILLED,NO_CONTINGENCY,,,,,,,['EMA Cross BUY: fast(10)=16.66159 >= slow(20)=16.64382'],ef4d32aa-fd2f-482e-84da-dd1ae851c3a0,2020-04-24 11:30:00+00:00,2020-04-24 11:30:00+00:00
O-20200424-161500-001-000-138,BACKTESTER-001,EMACrossTFStrategy-000,EURUSD.Commodities_MS,Commodities_MS-1-138,EURUSD.Commodities_MS-EMACrossTFStrategy-000,Commodities_MS-001,Commodities_MS-1-276,MARKET,SELL,100000,GTC,True,False,100000,TAKER,16.669990000099997,0.0,['1667.00 USD'],NO_TRIGGER,FILLED,NO_CONTINGENCY,,,,,,,,cf3ae6f2-f04c-497f-8c72-3e8349f5f547,2020-04-24 16:15:00+00:00,2020-04-24 16:15:00+00:00
O-20200424-161500-001-000-139,BACKTESTER-001,EMACrossTFStrategy-000,EURUSD.Commodities_MS,Commodities_MS-1-139,EURUSD.Commodities_MS-EMACrossTFStrategy-000,Commodities_MS-001,Commodities_MS-1-278,MARKET,SELL,100000,GTC,False,False,100000,TAKER,16.669990000099997,0.0,['1667.00 USD'],NO_TRIGGER,FILLED,NO_CONTINGENCY,,,,,,,['EMA Cross SELL: fast(10)=16.91574 < slow(20)=16.93189'],85823856-445e-412e-925f-9a54030f58ab,2020-04-24 16:15:00+00:00,2020-04-24 16:15:00+00:00
O-20200424-174500-001-000-140,BACKTESTER-001,EMACrossTFStrategy-000,EURUSD.Commodities_MS,Commodities_MS-1-140,EURUSD.Commodities_MS-EMACrossTFStrategy-000,Commodities_MS-001,Commodities_MS-1-280,MARKET,BUY,100000,GTC,True,False,100000,TAKER,17.2900099999,0.0,['1729.00 USD'],NO_TRIGGER,FILLED,NO_CONTINGENCY,,,,,,,,246ecc0d-a507-4338-b43a-9b8b962a9a11,2020-04-24 17:45:00+00:00,2020-04-24 17:45:00+00:00
O-20200424-174500-001-000-141,BACKTESTER-001,EMACrossTFStrategy-000,EURUSD.Commodities_MS,Commodities_MS-1-141,EURUSD.Commodities_MS-EMACrossTFStrategy-000,Commodities_MS-001,Commodities_MS-1-282,MARKET,BUY,100000,GTC,False,False,100000,TAKER,17.2900099999,0.0,['1729.00 USD'],NO_TRIGGER,FILLED,NO_CONTINGENCY,,,,,,,['EMA Cross BUY: fast(10)=16.95356 >= slow(20)=16.93738'],7f70c231-0888-4c9e-b807-6079fa434e28,2020-04-24 17:45:00+00:00,2020-04-24 17:45:00+00:00
O-20200426-220000-001-000-142,BACKTESTER-001,EMACrossTFStrategy-000,EURUSD.Commodities_MS,Commodities_MS-1-142,EURUSD.Commodities_MS-EMACrossTFStrategy-000,Commodities_MS-001,Commodities_MS-1-284,MARKET,SELL,100000,GTC,True,False,100000,TAKER,16.6799900001,0.0,['1668.00 USD'],NO_TRIGGER,FILLED,NO_CONTINGENCY,,,,,,,,1bc31729-ca5b-4a19-a798-3653f3d2f277,2020-04-26 22:00:00+00:00,2020-04-26 22:00:00+00:00
O-20200426-220000-001-000-143,BACKTESTER-001,EMACrossTFStrategy-000,EURUSD.Commodities_MS,Commodities_MS-1-143,EURUSD.Commodities_MS-EMACrossTFStrategy-000,Commodities_MS-001,Commodities_MS-1-286,MARKET,SELL,100000,GTC,False,False,100000,TAKER,16.6799900001,0.0,['1668.00 USD'],NO_TRIGGER,FILLED,NO_CONTINGENCY,,,,,,,['EMA Cross SELL: fast(10)=17.10136 < slow(20)=17.14595'],1e14ee65-7371-45b8-adda-8d7dec0b91e6,2020-04-26 22:00:00+00:00,2020-04-26 22:00:00+00:00
O-20200427-184500-001-000-144,BACKTESTER-001,EMACrossTFStrategy-000,EURUSD.Commodities_MS,Commodities_MS-1-144,EURUSD.Commodities_MS-EMACrossTFStrategy-000,Commodities_MS-001,Commodities_MS-1-288,MARKET,BUY,100000,GTC,True,False,100000,TAKER,13.0900099999,0.0,['1309.00 USD'],NO_TRIGGER,FILLED,NO_CONTINGENCY,,,,,,,,10ff1a72-2aba-488d-9be6-d0263dc1aec0,2020-04-27 18:45:00+00:00,2020-04-27 18:45:00+00:00
O-20200427-184500-001-000-145,BACKTESTER-001,EMACrossTFStrategy-000,EURUSD.Commodities_MS,Commodities_MS-1-145,EURUSD.Commodities_MS-EMACrossTFStrategy-000,Commodities_MS-001,Commodities_MS-1-290,MARKET,BUY,100000,GTC,False,False,100000,TAKER,13.0900099999,0.0,['1309.00 USD'],NO_TRIGGER,FILLED,NO_CONTINGENCY,,,,,,,['EMA Cross BUY: fast(10)=12.87779 >= slow(20)=12.86354'],8644943e-f9ac-43b1-b76a-c64b060919dd,2020-04-27 18:45:00+00:00,2020-04-27 18:45:00+00:00
O-20200427-214500-001-000-146,BACKTESTER-001,EMACrossTFStrategy-000,EURUSD.Commodities_MS,Commodities_MS-1-146,EURUSD.Commodities_MS-EMACrossTFStrategy-000,Commodities_MS-001,Commodities_MS-1-292,MARKET,SELL,100000,GTC,True,False,100000,TAKER,12.8849900001,0.0,['1288.50 USD'],NO_TRIGGER,FILLED,NO_CONTINGENCY,,,,,,,,41c99845-d7b1-4d17-9360-2cbec4e334e1,2020-04-27 21:45:00+00:00,2020-04-27 21:45:00+00:00
O-20200427-214500-001-000-147,BACKTESTER-001,EMACrossTFStrategy-000,EURUSD.Commodities_MS,Commodities_MS-1-147,EURUSD.Commodities_MS-EMACrossTFStrategy-000,Commodities_MS-001,Commodities_MS-1-294,MARKET,SELL,100000,GTC,False,False,100000,TAKER,12.8849900001,0.0,['1288.50 USD'],NO_TRIGGER,FILLED,NO_CONTINGENCY,,,,,,,['EMA Cross SELL: fast(10)=12.91001 < slow(20)=12.91216'],057bc43d-2b49-4fd9-ad52-c5e0cd32313c,2020-04-27 21:45:00+00:00,2020-04-27 21:45:00+00:00
O-20200427-220000-001-000-148,BACKTESTER-001,EMACrossTFStrategy-000,EURUSD.Commodities_MS,Commodities_MS-1-148,EURUSD.Commodities_MS-EMACrossTFStrategy-000,Commodities_MS-001,Commodities_MS-1-296,MARKET,BUY,100000,GTC,True,False,100000,TAKER,13.0300099999,0.0,['1303.00 USD'],NO_TRIGGER,FILLED,NO_CONTINGENCY,,,,,,,,310efa11-4021-412e-9ffc-bed1b76ea882,2020-04-27 22:00:00+00:00,2020-04-27 22:00:00+00:00
O-20200427-220000-001-000-149,BACKTESTER-001,EMACrossTFStrategy-000,EURUSD.Commodities_MS,Commodities_MS-1-149,EURUSD.Commodities_MS-EMACrossTFStrategy-000,Commodities_MS-001,Commodities_MS-1-298,MARKET,BUY,100000,GTC,False,False,100000,TAKER,13.0300099999,0.0,['1303.00 USD'],NO_TRIGGER,FILLED,NO_CONTINGENCY,,,,,,,['EMA Cross BUY: fast(10)=12.92274 >= slow(20)=12.91862'],37fbef9c-a2aa-4f98-b1f4-5fe63e9a6af9,2020-04-27 22:00:00+00:00,2020-04-27 22:00:00+00:00
O-20200427-221500-001-000-150,BACKTESTER-001,EMACrossTFStrategy-000,EURUSD.Commodities_MS,Commodities_MS-1-150,EURUSD.Commodities_MS-EMACrossTFStrategy-000,Commodities_MS-001,Commodities_MS-1-300,MARKET,SELL,100000,GTC,True,False,100000,TAKER,12.8749900001,0.0,['1287.50 USD'],NO_TRIGGER,FILLED,NO_CONTINGENCY,,,,,,,,5916a2d9-ecc4-4eb5-a6d1-13951b8d245b,2020-04-27 22:15:00+00:00,2020-04-27 22:15:00+00:00
O-20200427-221500-001-000-151,BACKTESTER-001,EMACrossTFStrategy-000,EURUSD.Commodities_MS,Commodities_MS-1-151,EURUSD.Commodities_MS-EMACrossTFStrategy-000,Commodities_MS-001,Commodities_MS-1-302,MARKET,SELL,100000,GTC,False,False,100000,TAKER,12.8749900001,0.0,['1287.50 USD'],NO_TRIGGER,FILLED,NO_CONTINGENCY,,,,,,,['EMA Cross SELL: fast(10)=12.91406 < slow(20)=12.91446'],986f5dd4-5335-4885-9827-313dbce58887,2020-04-27 22:15:00+00:00,2020-04-27 22:15:00+00:00
O-20200427-223000-001-000-152,BACKTESTER-001,EMACrossTFStrategy-000,EURUSD.Commodities_MS,Commodities_MS-1-152,EURUSD.Commodities_MS-EMACrossTFStrategy-000,Commodities_MS-001,Commodities_MS-1-304,MARKET,BUY,100000,GTC,True,False,100000,TAKER,13.1050099999,0.0,['1310.50 USD'],NO_TRIGGER,FILLED,NO_CONTINGENCY,,,,,,,,5dfd7d41-564f-4e13-bf67-8e4188495dfc,2020-04-27 22:30:00+00:00,2020-04-27 22:30:00+00:00
O-20200427-223000-001-000-153,BACKTESTER-001,EMACrossTFStrategy-000,EURUSD.Commodities_MS,Commodities_MS-1-153,EURUSD.Commodities_MS-EMACrossTFStrategy-000,Commodities_MS-001,Commodities_MS-1-306,MARKET,BUY,100000,GTC,False,False,100000,TAKER,13.1050099999,0.0,['1310.50 USD'],NO_TRIGGER,FILLED,NO_CONTINGENCY,,,,,,,['EMA Cross BUY: fast(10)=12.93968 >= slow(20)=12.92785'],eb16e4a9-0571-4eb5-a41e-82c535c0a10e,2020-04-27 22:30:00+00:00,2020-04-27 22:30:00+00:00
O-20200427-230000-001-000-154,BACKTESTER-001,EMACrossTFStrategy-000,EURUSD.Commodities_MS,Commodities_MS-1-154,EURUSD.Commodities_MS-EMACrossTFStrategy-000,Commodities_MS-001,Commodities_MS-1-308,MARKET,SELL,100000,GTC,True,False,100000,TAKER,12.8099900001,0.0,['1281.00 USD'],NO_TRIGGER,FILLED,NO_CONTINGENCY,,,,,,,,ec06aff1-cb4a-40da-9a5f-373ce7de18fa,2020-04-27 23:00:00+00:00,2020-04-27 23:00:00+00:00
O-20200427-230000-001-000-155,BACKTESTER-001,EMACrossTFStrategy-000,EURUSD.Commodities_MS,Commodities_MS-1-155,EURUSD.Commodities_MS-EMACrossTFStrategy-000,Commodities_MS-001,Commodities_MS-1-310,MARKET,SELL,100000,GTC,False,False,100000,TAKER,12.8099900001,0.0,['1281.00 USD'],NO_TRIGGER,FILLED,NO_CONTINGENCY,,,,,,,['EMA Cross SELL: fast(10)=12.91392 < slow(20)=12.91638'],c727e4e2-277f-427e-8388-9c4a2635012a,2020-04-27 23:00:00+00:00,2020-04-27 23:00:00+00:00
O-20200428-094500-001-000-156,BACKTESTER-001,EMACrossTFStrategy-000,EURUSD.Commodities_MS,Commodities_MS-1-156,EURUSD.Commodities_MS-EMACrossTFStrategy-000,Commodities_MS-001,Commodities_MS-1-312,MARKET,BUY,100000,GTC,True,False,100000,TAKER,12.0900099999,0.0,['1209.00 USD'],NO_TRIGGER,FILLED,NO_CONTINGENCY,,,,,,,,9ef67c6a-3466-4589-85c5-495caed44d12,2020-04-28 09:45:00+00:00,2020-04-28 09:45:00+00:00
O-20200428-094500-001-000-157,BACKTESTER-001,EMACrossTFStrategy-000,EURUSD.Commodities_MS,Commodities_MS-1-157,EURUSD.Commodities_MS-EMACrossTFStrategy-000,Commodities_MS-001,Commodities_MS-1-314,MARKET,BUY,100000,GTC,False,False,100000,TAKER,12.0900099999,0.0,['1209.00 USD'],NO_TRIGGER,FILLED,NO_CONTINGENCY,,,,,,,['EMA Cross BUY: fast(10)=10.93554 >= slow(20)=10.91170'],0a7a7912-4e11-4762-b726-8fe0bdc32e9c,2020-04-28 09:45:00+00:00,2020-04-28 09:45:00+00:00
O-20200429-061500-001-000-158,BACKTESTER-001,EMACrossTFStrategy-000,EURUSD.Commodities_MS,Commodities_MS-1-158,EURUSD.Commodities_MS-EMACrossTFStrategy-000,Commodities_MS-001,Commodities_MS-1-316,MARKET,SELL,100000,GTC,True,False,100000,TAKER,13.359990000100002,0.0,['1336.00 USD'],NO_TRIGGER,FILLED,NO_CONTINGENCY,,,,,,,,a584511a-3e6b-406c-be52-ffacfd8707c7,2020-04-29 06:15:00+00:00,2020-04-29 06:15:00+00:00
O-20200429-061500-001-000-159,BACKTESTER-001,EMACrossTFStrategy-000,EURUSD.Commodities_MS,Commodities_MS-1-159,EURUSD.Commodities_MS-EMACrossTFStrategy-000,Commodities_MS-001,Commodities_MS-1-318,MARKET,SELL,100000,GTC,False,False,100000,TAKER,13.359990000100002,0.0,['1336.00 USD'],NO_TRIGGER,FILLED,NO_CONTINGENCY,,,,,,,['EMA Cross SELL: fast(10)=13.64026 < slow(20)=13.65505'],a6425bad-09ec-466f-a5f1-fd9f15ea01a4,2020-04-29 06:15:00+00:00,2020-04-29 06:15:00+00:00
O-20200429-064500-001-000-160,BACKTESTER-001,EMACrossTFStrategy-000,EURUSD.Commodities_MS,Commodities_MS-1-160,EURUSD.Commodities_MS-EMACrossTFStrategy-000,Commodities_MS-001,Commodities_MS-1-320,MARKET,BUY,100000,GTC,True,False,100000,TAKER,13.945009999900002,0.0,['1394.50 USD'],NO_TRIGGER,FILLED,NO_CONTINGENCY,,,,,,,,e1a0d3c4-c912-4dec-a08b-ff9030704ac6,2020-04-29 06:45:00+00:00,2020-04-29 06:45:00+00:00
O-20200429-064500-001-000-161,BACKTESTER-001,EMACrossTFStrategy-000,EURUSD.Commodities_MS,Commodities_MS-1-161,EURUSD.Commodities_MS-EMACrossTFStrategy-000,Commodities_MS-001,Commodities_MS-1-322,MARKET,BUY,100000,GTC,False,False,100000,TAKER,13.945009999900002,0.0,['1394.50 USD'],NO_TRIGGER,FILLED,NO_CONTINGENCY,,,,,,,['EMA Cross BUY: fast(10)=13.68803 >= slow(20)=13.67747'],ba235248-0a5f-41db-8e6d-7a21deb92136,2020-04-29 06:45:00+00:00,2020-04-29 06:45:00+00:00
O-20200429-184500-001-000-162,BACKTESTER-001,EMACrossTFStrategy-000,EURUSD.Commodities_MS,Commodities_MS-1-162,EURUSD.Commodities_MS-EMACrossTFStrategy-000,Commodities_MS-001,Commodities_MS-1-324,MARKET,SELL,100000,GTC,True,False,100000,TAKER,15.179990000099998,0.0,['1518.00 USD'],NO_TRIGGER,FILLED,NO_CONTINGENCY,,,,,,,,d04ce615-6955-4588-b171-e3c54710a3d0,2020-04-29 18:45:00+00:00,2020-04-29 18:45:00+00:00
O-20200429-184500-001-000-163,BACKTESTER-001,EMACrossTFStrategy-000,EURUSD.Commodities_MS,Commodities_MS-1-163,EURUSD.Commodities_MS-EMACrossTFStrategy-000,Commodities_MS-001,Commodities_MS-1-326,MARKET,SELL,100000,GTC,False,False,100000,TAKER,15.179990000099998,0.0,['1518.00 USD'],NO_TRIGGER,FILLED,NO_CONTINGENCY,,,,,,,['EMA Cross SELL: fast(10)=15.40691 < slow(20)=15.42492'],121082d8-7e9a-4379-b8df-34152781f4ba,2020-04-29 18:45:00+00:00,2020-04-29 18:45:00+00:00
O-20200429-220000-001-000-164,BACKTESTER-001,EMACrossTFStrategy-000,EURUSD.Commodities_MS,Commodities_MS-1-164,EURUSD.Commodities_MS-EMACrossTFStrategy-000,Commodities_MS-001,Commodities_MS-1-328,MARKET,BUY,100000,GTC,True,False,100000,TAKER,15.585009999899999,0.0,['1558.51 USD'],NO_TRIGGER,FILLED,NO_CONTINGENCY,,,,,,,,a11f8fc8-8ab8-40a1-b01a-7caee00fa883,2020-04-29 22:00:00+00:00,2020-04-29 22:00:00+00:00
O-20200429-220000-001-000-165,BACKTESTER-001,EMACrossTFStrategy-000,EURUSD.Commodities_MS,Commodities_MS-1-165,EURUSD.Commodities_MS-EMACrossTFStrategy-000,Commodities_MS-001,Commodities_MS-1-330,MARKET,BUY,100000,GTC,False,False,100000,TAKER,15.585009999899999,0.0,['1558.51 USD'],NO_TRIGGER,FILLED,NO_CONTINGENCY,,,,,,,['EMA Cross BUY: fast(10)=15.37775 >= slow(20)=15.37088'],fe846b04-b646-447f-bc07-5a2caf9a6750,2020-04-29 22:00:00+00:00,2020-04-29 22:00:00+00:00
O-20200430-131500-001-000-166,BACKTESTER-001,EMACrossTFStrategy-000,EURUSD.Commodities_MS,Commodities_MS-1-166,EURUSD.Commodities_MS-EMACrossTFStrategy-000,Commodities_MS-001,Commodities_MS-1-332,MARKET,SELL,100000,GTC,True,False,100000,TAKER,16.839990000100002,0.0,['1684.00 USD'],NO_TRIGGER,FILLED,NO_CONTINGENCY,,,,,,,,a20f27db-d1a5-4379-8893-132eb02dd5b2,2020-04-30 13:15:00+00:00,2020-04-30 13:15:00+00:00
O-20200430-131500-001-000-167,BACKTESTER-001,EMACrossTFStrategy-000,EURUSD.Commodities_MS,Commodities_MS-1-167,EURUSD.Commodities_MS-EMACrossTFStrategy-000,Commodities_MS-001,Commodities_MS-1-334,MARKET,SELL,100000,GTC,False,False,100000,TAKER,16.839990000100002,0.0,['1684.00 USD'],NO_TRIGGER,FILLED,NO_CONTINGENCY,,,,,,,['EMA Cross SELL: fast(10)=17.16990 < slow(20)=17.19208'],861b01fa-7d54-4319-82ce-1a4b4892f854,2020-04-30 13:15:00+00:00,2020-04-30 13:15:00+00:00
O-20200430-140000-001-000-168,BACKTESTER-001,EMACrossTFStrategy-000,EURUSD.Commodities_MS,Commodities_MS-1-168,EURUSD.Commodities_MS-EMACrossTFStrategy-000,Commodities_MS-001,Commodities_MS-1-336,MARKET,BUY,100000,GTC,True,False,100000,TAKER,17.9800099999,0.0,['1798.00 USD'],NO_TRIGGER,FILLED,NO_CONTINGENCY,,,,,,,,4f578c77-e548-4acf-a55b-d871b0294371,2020-04-30 14:00:00+00:00,2020-04-30 14:00:00+00:00
O-20200430-140000-001-000-169,BACKTESTER-001,EMACrossTFStrategy-000,EURUSD.Commodities_MS,Commodities_MS-1-169,EURUSD.Commodities_MS-EMACrossTFStrategy-000,Commodities_MS-001,Commodities_MS-1-338,MARKET,BUY,100000,GTC,False,False,100000,TAKER,17.9800099999,0.0,['1798.00 USD'],NO_TRIGGER,FILLED,NO_CONTINGENCY,,,,,,,['EMA Cross BUY: fast(10)=17.30597 >= slow(20)=17.25726'],ce7bbd16-7828-4e00-a43f-d4eba5674018,2020-04-30 14:00:00+00:00,2020-04-30 14:00:00+00:00
O-20200430-174500-001-000-170,BACKTESTER-001,EMACrossTFStrategy-000,EURUSD.Commodities_MS,Commodities_MS-1-170,EURUSD.Commodities_MS-EMACrossTFStrategy-000,Commodities_MS-001,Commodities_MS-1-340,MARKET,SELL,100000,GTC,True,False,100000,TAKER,17.239990000099997,0.0,['1724.00 USD'],NO_TRIGGER,FILLED,NO_CONTINGENCY,,,,,,,,4f3d44e6-703a-4aa6-8c62-3f1e948e4953,2020-04-30 17:45:00+00:00,2020-04-30 17:45:00+00:00
O-20200430-174500-001-000-171,BACKTESTER-001,EMACrossTFStrategy-000,EURUSD.Commodities_MS,Commodities_MS-1-171,EURUSD.Commodities_MS-EMACrossTFStrategy-000,Commodities_MS-001,Commodities_MS-1-342,MARKET,SELL,100000,GTC,False,False,100000,TAKER,17.239990000099997,0.0,['1724.00 USD'],NO_TRIGGER,FILLED,NO_CONTINGENCY,,,,,,,['EMA Cross SELL: fast(10)=17.55293 < slow(20)=17.55774'],5734a888-99f2-4d85-afb2-204e222d06b0,2020-04-30 17:45:00+00:00,2020-04-30 17:45:00+00:00
O-20200430-183000-001-000-172,BACKTESTER-001,EMACrossTFStrategy-000,EURUSD.Commodities_MS,Commodities_MS-1-172,EURUSD.Commodities_MS-EMACrossTFStrategy-000,Commodities_MS-001,Commodities_MS-1-344,MARKET,BUY,100000,GTC,True,False,100000,TAKER,18.4800099999,0.0,['1848.00 USD'],NO_TRIGGER,FILLED,NO_CONTINGENCY,,,,,,,,a5964e83-7d55-44ff-83c2-ed3dca7034cb,2020-04-30 18:30:00+00:00,2020-04-30 18:30:00+00:00
O-20200430-183000-001-000-173,BACKTESTER-001,EMACrossTFStrategy-000,EURUSD.Commodities_MS,Commodities_MS-1-173,EURUSD.Commodities_MS-EMACrossTFStrategy-000,Commodities_MS-001,Commodities_MS-1-346,MARKET,BUY,100000,GTC,False,False,100000,TAKER,18.4800099999,0.0,['1848.00 USD'],NO_TRIGGER,FILLED,NO_CONTINGENCY,,,,,,,['EMA Cross BUY: fast(10)=17.54756 >= slow(20)=17.53848'],e9fdcd55-23d8-4947-9c1a-85f68c416ea8,2020-04-30 18:30:00+00:00,2020-04-30 18:30:00+00:00
O-20200430-235900-001-000-174,BACKTESTER-001,EMACrossTFStrategy-000,EURUSD.Commodities_MS,Commodities_MS-1-174,EURUSD.Commodities_MS-EMACrossTFStrategy-000,Commodities_MS-001,Commodities_MS-1-348,MARKET,SELL,100000,GTC,True,False,100000,TAKER,19.534990000100002,0.0,['1953.50 USD'],NO_TRIGGER,FILLED,NO_CONTINGENCY,,,,,,,,87627247-e0e9-44a4-ad5a-11a0e0649c44,2020-04-30 23:59:00+00:00,2020-04-30 23:59:00+00:00
