position_id,trader_id,strategy_id,instrument_id,account_id,opening_order_id,closing_order_id,entry,side,quantity,peak_qty,ts_init,ts_opened,ts_last,ts_closed,duration_ns,avg_px_open,avg_px_close,commissions,realized_return,realized_pnl,is_snapshot
EURUSD.Commodities_MS-EMACrossTFStrategy-000-86eb76b6-617c-46e4-813d-5a206a6ea25f,BACKTESTER-001,EMACrossTFStrategy-000,EURUSD.Commodities_MS,Commodities_MS-001,O-20200401-044500-001-000-1,O-20200401-054500-001-000-2,BUY,FLAT,0,100000,1585716300000000000,2020-04-01 04:45:00+00:00,1585719900000000000,2020-04-01 05:45:00+00:00,3600000000000,20.535009999899998,20.2649900001,['4080.00 USD'],-0.01315,-31082.00 USD,True
EURUSD.Commodities_MS-EMACrossTFStrategy-000-2c02f9d9-6d6d-4fde-95f3-e872fa1cacd5,BACKTESTER-001,EMACrossTFStrategy-000,EURUSD.Commodities_MS,Commodities_MS-001,O-20200401-054500-001-000-3,O-20200401-103000-001-000-4,SELL,FLAT,0,100000,1585719900000000000,2020-04-01 05:45:00+00:00,1585737000000000000,2020-04-01 10:30:00+00:00,17100000000000,20.2649900001,20.5650099999,['4083.00 USD'],-0.0148,-34085.00 USD,True
EURUSD.Commodities_MS-EMACrossTFStrategy-000-d9552041-8317-49d0-bcde-026d9b002f16,BACKTESTER-001,EMACrossTFStrategy-000,EURUSD.Commodities_MS,Commodities_MS-001,O-20200401-103000-001-000-5,O-20200401-130000-001-000-6,BUY,FLAT,0,100000,1585737000000000000,2020-04-01 10:30:00+00:00,1585746000000000000,2020-04-01 13:00:00+00:00,9000000000000,20.5650099999,20.254990000099998,['4082.00 USD'],-0.01508,-35084.00 USD,True
EURUSD.Commodities_MS-EMACrossTFStrategy-000-ef71edd7-348c-4087-80d5-3d2c7e10b591,BACKTESTER-001,EMACrossTFStrategy-000,EURUSD.Commodities_MS,Commodities_MS-001,O-20200401-130000-001-000-7,O-20200401-131500-001-000-8,SELL,FLAT,0,100000,1585746000000000000,2020-04-01 13:00:00+00:00,1585746900000000000,2020-04-01 13:15:00+00:00,900000000000,20.254990000099998,20.5150099999,['4077.00 USD'],-0.01284,-30079.00 USD,True
EURUSD.Commodities_MS-EMACrossTFStrategy-000-1b4ad488-2f14-45c5-88bf-8c8d3a9bdee5,BACKTESTER-001,EMACrossTFStrategy-000,EURUSD.Commodities_MS,Commodities_MS-001,O-20200401-131500-001-000-9,O-20200401-134500-001-000-10,BUY,FLAT,0,100000,1585746900000000000,2020-04-01 13:15:00+00:00,1585748700000000000,2020-04-01 13:45:00+00:00,1800000000000,20.5150099999,20.324990000099998,['4084.00 USD'],-0.00926,-23086.00 USD,True
EURUSD.Commodities_MS-EMACrossTFStrategy-000-adab6616-cbdb-4dbf-856c-6f9490efea0d,BACKTESTER-001,EMACrossTFStrategy-000,EURUSD.Commodities_MS,Commodities_MS-001,O-20200401-134500-001-000-11,O-20200401-154500-001-000-12,SELL,FLAT,0,100000,1585748700000000000,2020-04-01 13:45:00+00:00,1585755900000000000,2020-04-01 15:45:00+00:00,7200000000000,20.324990000099998,20.715009999899998,['4104.00 USD'],-0.01919,-43106.00 USD,True
EURUSD.Commodities_MS-EMACrossTFStrategy-000-7565ebef-7475-4d20-87a1-a0c4c57dd5af,BACKTESTER-001,EMACrossTFStrategy-000,EURUSD.Commodities_MS,Commodities_MS-001,O-20200401-154500-001-000-13,O-20200401-164500-001-000-14,BUY,FLAT,0,100000,1585755900000000000,2020-04-01 15:45:00+00:00,1585759500000000000,2020-04-01 16:45:00+00:00,3600000000000,20.715009999899998,20.1799900001,['4089.50 USD'],-0.02583,-57591.50 USD,True
EURUSD.Commodities_MS-EMACrossTFStrategy-000-61a7adab-b70a-4935-81e7-2ba3cb69dbb7,BACKTESTER-001,EMACrossTFStrategy-000,EURUSD.Commodities_MS,Commodities_MS-001,O-20200401-164500-001-000-15,O-20200401-181500-001-000-16,SELL,FLAT,0,100000,1585759500000000000,2020-04-01 16:45:00+00:00,1585764900000000000,2020-04-01 18:15:00+00:00,5400000000000,20.1799900001,20.9350099999,['4111.50 USD'],-0.03741,-79613.50 USD,True
EURUSD.Commodities_MS-EMACrossTFStrategy-000-5b09f0a6-6ba9-4bc8-a4ae-eb529391e9a5,BACKTESTER-001,EMACrossTFStrategy-000,EURUSD.Commodities_MS,Commodities_MS-001,O-20200401-181500-001-000-17,O-20200402-134500-001-000-18,BUY,FLAT,0,100000,1585764900000000000,2020-04-01 18:15:00+00:00,1585835100000000000,2020-04-02 13:45:00+00:00,70200000000000,20.9350099999,21.774990000099997,['4271.00 USD'],0.04012,79727.00 USD,True
EURUSD.Commodities_MS-EMACrossTFStrategy-000-55888e6a-b3e7-4ab5-919d-11018d3cc115,BACKTESTER-001,EMACrossTFStrategy-000,EURUSD.Commodities_MS,Commodities_MS-001,O-20200402-134500-001-000-19,O-20200402-143000-001-000-20,SELL,FLAT,0,100000,1585835100000000000,2020-04-02 13:45:00+00:00,1585837800000000000,2020-04-02 14:30:00+00:00,2700000000000,21.774990000099997,22.8260099999,['4460.10 USD'],-0.04827,-109562.10 USD,True
EURUSD.Commodities_MS-EMACrossTFStrategy-000-86bca8ac-ed8d-4770-b179-b06291766695,BACKTESTER-001,EMACrossTFStrategy-000,EURUSD.Commodities_MS,Commodities_MS-001,O-20200402-143000-001-000-21,O-20200403-001500-001-000-22,BUY,FLAT,0,100000,1585837800000000000,2020-04-02 14:30:00+00:00,1585872900000000000,2020-04-03 00:15:00+00:00,35100000000000,22.8260099999,23.964990000100002,['4679.10 USD'],0.0499,109218.90 USD,True
EURUSD.Commodities_MS-EMACrossTFStrategy-000-6388a330-84bf-434d-bf53-ed5d043d9667,BACKTESTER-001,EMACrossTFStrategy-000,EURUSD.Commodities_MS,Commodities_MS-001,O-20200403-001500-001-000-23,O-20200403-070000-001-000-24,SELL,FLAT,0,100000,1585872900000000000,2020-04-03 00:15:00+00:00,1585897200000000000,2020-04-03 07:00:00+00:00,24300000000000,23.964990000100002,24.785009999899998,['4875.00 USD'],-0.03422,-86877.00 USD,True
EURUSD.Commodities_MS-EMACrossTFStrategy-000-de2f9a2f-86d8-4c8b-850d-b86af1d65287,BACKTESTER-001,EMACrossTFStrategy-000,EURUSD.Commodities_MS,Commodities_MS-001,O-20200403-070000-001-000-25,O-20200405-220000-001-000-26,BUY,FLAT,0,100000,1585897200000000000,2020-04-03 07:00:00+00:00,1586124000000000000,2020-04-05 22:00:00+00:00,226800000000000,24.785009999899998,25.524990000099997,['5031.00 USD'],0.02986,68967.00 USD,True
EURUSD.Commodities_MS-EMACrossTFStrategy-000-4f4df7d7-f326-4013-837b-3aefe384ef10,BACKTESTER-001,EMACrossTFStrategy-000,EURUSD.Commodities_MS,Commodities_MS-001,O-20200405-220000-001-000-27,O-20200406-040000-001-000-28,SELL,FLAT,0,100000,1586124000000000000,2020-04-05 22:00:00+00:00,1586145600000000000,2020-04-06 04:00:00+00:00,21600000000000,25.524990000099997,27.3950099999,['5292.00 USD'],-0.07326,-192294.00 USD,True
EURUSD.Commodities_MS-EMACrossTFStrategy-000-bead261a-23c0-40fc-ad2c-dcd9dd746714,BACKTESTER-001,EMACrossTFStrategy-000,EURUSD.Commodities_MS,Commodities_MS-001,O-20200406-040000-001-000-29,O-20200406-101500-001-000-30,BUY,FLAT,0,100000,1586145600000000000,2020-04-06 04:00:00+00:00,1586168100000000000,2020-04-06 10:15:00+00:00,22500000000000,27.3950099999,27.1749900001,['5457.00 USD'],-0.00803,-27459.00 USD,True
EURUSD.Commodities_MS-EMACrossTFStrategy-000-f5a09e9c-256a-4dbc-8a59-c6cffa4918b7,BACKTESTER-001,EMACrossTFStrategy-000,EURUSD.Commodities_MS,Commodities_MS-001,O-20200406-101500-001-000-31,O-20200406-230000-001-000-32,SELL,FLAT,0,100000,1586168100000000000,2020-04-06 10:15:00+00:00,1586214000000000000,2020-04-06 23:00:00+00:00,45900000000000,27.1749900001,26.7550099999,['5393.00 USD'],0.01545,36605.00 USD,True
EURUSD.Commodities_MS-EMACrossTFStrategy-000-0ccc5a97-ce4a-4e23-9302-d687da011f8e,BACKTESTER-001,EMACrossTFStrategy-000,EURUSD.Commodities_MS,Commodities_MS-001,O-20200406-230000-001-000-33,O-20200407-064500-001-000-34,BUY,FLAT,0,100000,1586214000000000000,2020-04-06 23:00:00+00:00,1586241900000000000,2020-04-07 06:45:00+00:00,27900000000000,26.7550099999,26.7969900001,['5355.20 USD'],0.00157,-1157.20 USD,True
EURUSD.Commodities_MS-EMACrossTFStrategy-000-e3204429-23aa-475d-a7ba-2e04e71a97f7,BACKTESTER-001,EMACrossTFStrategy-000,EURUSD.Commodities_MS,Commodities_MS-001,O-20200407-064500-001-000-35,O-20200407-070000-001-000-36,SELL,FLAT,0,100000,1586241900000000000,2020-04-07 06:45:00+00:00,1586242800000000000,2020-04-07 07:00:00+00:00,900000000000,26.7969900001,26.9850099999,['5378.20 USD'],-0.00702,-24180.20 USD,True
EURUSD.Commodities_MS-EMACrossTFStrategy-000-07745490-d38d-4e37-87dd-a689701aea09,BACKTESTER-001,EMACrossTFStrategy-000,EURUSD.Commodities_MS,Commodities_MS-001,O-20200407-070000-001-000-37,O-20200407-111500-001-000-38,BUY,FLAT,0,100000,1586242800000000000,2020-04-07 07:00:00+00:00,1586258100000000000,2020-04-07 11:15:00+00:00,15300000000000,26.9850099999,26.8669900001,['5385.20 USD'],-0.00437,-17187.20 USD,True
EURUSD.Commodities_MS-EMACrossTFStrategy-000-8ae4391c-af58-42a4-bf44-a17ca9611826,BACKTESTER-001,EMACrossTFStrategy-000,EURUSD.Commodities_MS,Commodities_MS-001,O-20200407-111500-001-000-39,O-20200408-001500-001-000-40,SELL,FLAT,0,100000,1586258100000000000,2020-04-07 11:15:00+00:00,1586304900000000000,2020-04-08 00:15:00+00:00,46800000000000,26.8669900001,25.0950099999,['5196.21 USD'],0.06595,172001.80 USD,True
EURUSD.Commodities_MS-EMACrossTFStrategy-000-0434a16b-b4f3-45bd-870f-d1eca9dce12e,BACKTESTER-001,EMACrossTFStrategy-000,EURUSD.Commodities_MS,Commodities_MS-001,O-20200408-001500-001-000-41,O-20200408-064500-001-000-42,BUY,FLAT,0,100000,1586304900000000000,2020-04-08 00:15:00+00:00,1586328300000000000,2020-04-08 06:45:00+00:00,23400000000000,25.0950099999,24.5849900001,['4968.00 USD'],-0.02032,-55970.00 USD,True
EURUSD.Commodities_MS-EMACrossTFStrategy-000-59881ebd-8779-4e43-b5f8-9a4b9bea7473,BACKTESTER-001,EMACrossTFStrategy-000,EURUSD.Commodities_MS,Commodities_MS-001,O-20200408-064500-001-000-43,O-20200408-140000-001-000-44,SELL,FLAT,0,100000,1586328300000000000,2020-04-08 06:45:00+00:00,1586354400000000000,2020-04-08 14:00:00+00:00,26100000000000,24.5849900001,24.945009999899998,['4952.99 USD'],-0.01464,-40955.00 USD,True
EURUSD.Commodities_MS-EMACrossTFStrategy-000-a16011a1-72e1-480f-9c9b-f0f8ea6ced50,BACKTESTER-001,EMACrossTFStrategy-000,EURUSD.Commodities_MS,Commodities_MS-001,O-20200408-140000-001-000-45,O-20200408-163000-001-000-46,BUY,FLAT,0,100000,1586354400000000000,2020-04-08 14:00:00+00:00,1586363400000000000,2020-04-08 16:30:00+00:00,9000000000000,24.945009999899998,24.3549900001,['4929.99 USD'],-0.02365,-63932.00 USD,True
EURUSD.Commodities_MS-EMACrossTFStrategy-000-a876caf4-70ef-4ecc-9e08-3543eb2e8c00,BACKTESTER-001,EMACrossTFStrategy-000,EURUSD.Commodities_MS,Commodities_MS-001,O-20200408-163000-001-000-47,O-20200408-183000-001-000-48,SELL,FLAT,0,100000,1586363400000000000,2020-04-08 16:30:00+00:00,1586370600000000000,2020-04-08 18:30:00+00:00,7200000000000,24.3549900001,25.215009999899998,['4957.00 USD'],-0.03531,-90959.00 USD,True
EURUSD.Commodities_MS-EMACrossTFStrategy-000-3fcf9ae0-362d-448d-bcf9-b295da53decb,BACKTESTER-001,EMACrossTFStrategy-000,EURUSD.Commodities_MS,Commodities_MS-001,O-20200408-183000-001-000-49,O-20200409-030000-001-000-50,BUY,FLAT,0,100000,1586370600000000000,2020-04-08 18:30:00+00:00,1586401200000000000,2020-04-09 03:00:00+00:00,30600000000000,25.215009999899998,25.7349900001,['5095.01 USD'],0.02062,46903.00 USD,True
EURUSD.Commodities_MS-EMACrossTFStrategy-000-13c4858a-1e34-4809-810b-960347683dca,BACKTESTER-001,EMACrossTFStrategy-000,EURUSD.Commodities_MS,Commodities_MS-001,O-20200409-030000-001-000-51,O-20200409-063000-001-000-52,SELL,FLAT,0,100000,1586401200000000000,2020-04-09 03:00:00+00:00,1586413800000000000,2020-04-09 06:30:00+00:00,12600000000000,25.7349900001,26.1450099999,['5188.00 USD'],-0.01593,-46190.00 USD,True
EURUSD.Commodities_MS-EMACrossTFStrategy-000-4d7121e2-f54c-4a48-b772-a27eb03ad074,BACKTESTER-001,EMACrossTFStrategy-000,EURUSD.Commodities_MS,Commodities_MS-001,O-20200409-063000-001-000-53,O-20200409-120000-001-000-54,BUY,FLAT,0,100000,1586413800000000000,2020-04-09 06:30:00+00:00,1586433600000000000,2020-04-09 12:00:00+00:00,19800000000000,26.1450099999,25.9349900001,['5208.00 USD'],-0.00803,-26210.00 USD,True
EURUSD.Commodities_MS-EMACrossTFStrategy-000-87e6f33d-5620-411d-a6d9-da55d30bc6b9,BACKTESTER-001,EMACrossTFStrategy-000,EURUSD.Commodities_MS,Commodities_MS-001,O-20200409-120000-001-000-55,O-20200409-134500-001-000-56,SELL,FLAT,0,100000,1586433600000000000,2020-04-09 12:00:00+00:00,1586439900000000000,2020-04-09 13:45:00+00:00,6300000000000,25.9349900001,26.7950099999,['5273.00 USD'],-0.03316,-91275.00 USD,True
EURUSD.Commodities_MS-EMACrossTFStrategy-000-d9bab825-aebf-490f-8524-4a6a019a118b,BACKTESTER-001,EMACrossTFStrategy-000,EURUSD.Commodities_MS,Commodities_MS-001,O-20200409-134500-001-000-57,O-20200409-154500-001-000-58,BUY,FLAT,0,100000,1586439900000000000,2020-04-09 13:45:00+00:00,1586447100000000000,2020-04-09 15:45:00+00:00,7200000000000,26.7950099999,25.374990000100002,['5217.00 USD'],-0.053,-147219.00 USD,True
EURUSD.Commodities_MS-EMACrossTFStrategy-000-511f65b4-3d5c-4429-a7e1-c2f5bd0402d2,BACKTESTER-001,EMACrossTFStrategy-000,EURUSD.Commodities_MS,Commodities_MS-001,O-20200409-154500-001-000-59,O-20200412-220000-001-000-60,SELL,FLAT,0,100000,1586447100000000000,2020-04-09 15:45:00+00:00,1586728800000000000,2020-04-12 22:00:00+00:00,281700000000000,25.374990000100002,23.830009999900003,['4920.50 USD'],0.06089,149577.50 USD,True
EURUSD.Commodities_MS-EMACrossTFStrategy-000-1f65394c-1ce4-4766-b1e9-364fea6749f8,BACKTESTER-001,EMACrossTFStrategy-000,EURUSD.Commodities_MS,Commodities_MS-001,O-20200412-220000-001-000-61,O-20200412-221500-001-000-62,BUY,FLAT,0,100000,1586728800000000000,2020-04-12 22:00:00+00:00,1586729700000000000,2020-04-12 22:15:00+00:00,900000000000,23.830009999900003,22.3149900001,['4614.50 USD'],-0.06358,-156116.50 USD,True
EURUSD.Commodities_MS-EMACrossTFStrategy-000-8e3efada-dded-4f80-87be-6af345467844,BACKTESTER-001,EMACrossTFStrategy-000,EURUSD.Commodities_MS,Commodities_MS-001,O-20200412-221500-001-000-63,O-20200413-001500-001-000-64,SELL,FLAT,0,100000,1586729700000000000,2020-04-12 22:15:00+00:00,1586736900000000000,2020-04-13 00:15:00+00:00,7200000000000,22.3149900001,23.6750099999,['4599.00 USD'],-0.06095,-140601.00 USD,True
EURUSD.Commodities_MS-EMACrossTFStrategy-000-b32dac09-6120-4a41-99bd-4c165488f8da,BACKTESTER-001,EMACrossTFStrategy-000,EURUSD.Commodities_MS,Commodities_MS-001,O-20200413-001500-001-000-65,O-20200413-060000-001-000-66,BUY,FLAT,0,100000,1586736900000000000,2020-04-13 00:15:00+00:00,1586757600000000000,2020-04-13 06:00:00+00:00,20700000000000,23.6750099999,23.5659900001,['4724.10 USD'],-0.0046,-15626.10 USD,True
EURUSD.Commodities_MS-EMACrossTFStrategy-000-73b6c34a-53f5-4c8b-ade0-b0928ef082fd,BACKTESTER-001,EMACrossTFStrategy-000,EURUSD.Commodities_MS,Commodities_MS-001,O-20200413-060000-001-000-67,O-20200413-134500-001-000-68,SELL,FLAT,0,100000,1586757600000000000,2020-04-13 06:00:00+00:00,1586785500000000000,2020-04-13 13:45:00+00:00,27900000000000,23.5659900001,23.4260099999,['4699.20 USD'],0.00594,9298.80 USD,True
EURUSD.Commodities_MS-EMACrossTFStrategy-000-77083b04-27de-4ec9-817f-a8d46219e5f9,BACKTESTER-001,EMACrossTFStrategy-000,EURUSD.Commodities_MS,Commodities_MS-001,O-20200413-134500-001-000-69,O-20200413-161500-001-000-70,BUY,FLAT,0,100000,1586785500000000000,2020-04-13 13:45:00+00:00,1586794500000000000,2020-04-13 16:15:00+00:00,9000000000000,23.4260099999,22.9849900001,['4641.10 USD'],-0.01883,-48743.10 USD,True
EURUSD.Commodities_MS-EMACrossTFStrategy-000-df1497ab-900e-4895-a19a-587414e2ed77,BACKTESTER-001,EMACrossTFStrategy-000,EURUSD.Commodities_MS,Commodities_MS-001,O-20200413-161500-001-000-71,O-20200413-231500-001-000-72,SELL,FLAT,0,100000,1586794500000000000,2020-04-13 16:15:00+00:00,1586819700000000000,2020-04-13 23:15:00+00:00,25200000000000,22.9849900001,22.9150099999,['4590.00 USD'],0.00304,2408.00 USD,True
EURUSD.Commodities_MS-EMACrossTFStrategy-000-1e4d4dd8-a4cc-4909-8165-c148aab49eb7,BACKTESTER-001,EMACrossTFStrategy-000,EURUSD.Commodities_MS,Commodities_MS-001,O-20200413-231500-001-000-73,O-20200414-023000-001-000-74,BUY,FLAT,0,100000,1586819700000000000,2020-04-13 23:15:00+00:00,1586831400000000000,2020-04-14 02:30:00+00:00,11700000000000,22.9150099999,22.544990000099997,['4546.00 USD'],-0.01615,-41548.00 USD,True
EURUSD.Commodities_MS-EMACrossTFStrategy-000-b6615d8a-eb7a-4482-ba10-e87a79f22fcd,BACKTESTER-001,EMACrossTFStrategy-000,EURUSD.Commodities_MS,Commodities_MS-001,O-20200414-023000-001-000-75,O-20200415-134500-001-000-76,SELL,FLAT,0,100000,1586831400000000000,2020-04-14 02:30:00+00:00,1586958300000000000,2020-04-15 13:45:00+00:00,126900000000000,22.544990000099997,20.135009999900003,['4268.00 USD'],0.1069,236730.00 USD,True
EURUSD.Commodities_MS-EMACrossTFStrategy-000-547a1e42-9d3e-42de-91a5-530dab307b6f,BACKTESTER-001,EMACrossTFStrategy-000,EURUSD.Commodities_MS,Commodities_MS-001,O-20200415-134500-001-000-77,O-20200415-150000-001-000-78,BUY,FLAT,0,100000,1586958300000000000,2020-04-15 13:45:00+00:00,1586962800000000000,2020-04-15 15:00:00+00:00,4500000000000,20.135009999900003,19.4049900001,['3954.00 USD'],-0.03626,-76956.00 USD,True
EURUSD.Commodities_MS-EMACrossTFStrategy-000-41d9e64a-c232-48e4-8357-f8e64d58da8e,BACKTESTER-001,EMACrossTFStrategy-000,EURUSD.Commodities_MS,Commodities_MS-001,O-20200415-150000-001-000-79,O-20200415-170000-001-000-80,SELL,FLAT,0,100000,1586962800000000000,2020-04-15 15:00:00+00:00,1586970000000000000,2020-04-15 17:00:00+00:00,7200000000000,19.4049900001,19.975009999900003,['3938.00 USD'],-0.02937,-60940.00 USD,True
EURUSD.Commodities_MS-EMACrossTFStrategy-000-ae99ac0a-1a49-414a-aeb4-874e8c9d11f5,BACKTESTER-001,EMACrossTFStrategy-000,EURUSD.Commodities_MS,Commodities_MS-001,O-20200415-170000-001-000-81,O-20200416-033000-001-000-82,BUY,FLAT,0,100000,1586970000000000000,2020-04-15 17:00:00+00:00,1587007800000000000,2020-04-16 03:30:00+00:00,37800000000000,19.975009999900003,20.079990000099997,['4005.50 USD'],0.00526,6492.50 USD,True
EURUSD.Commodities_MS-EMACrossTFStrategy-000-fe58e954-c945-49cf-a15c-e99ce0cdd024,BACKTESTER-001,EMACrossTFStrategy-000,EURUSD.Commodities_MS,Commodities_MS-001,O-20200416-033000-001-000-83,O-20200416-084500-001-000-84,SELL,FLAT,0,100000,1587007800000000000,2020-04-16 03:30:00+00:00,1587026700000000000,2020-04-16 08:45:00+00:00,18900000000000,20.079990000099997,20.2260099999,['4030.60 USD'],-0.00727,-18632.60 USD,True
EURUSD.Commodities_MS-EMACrossTFStrategy-000-a3b5282e-aba7-40e4-9579-2e684f0ddd5d,BACKTESTER-001,EMACrossTFStrategy-000,EURUSD.Commodities_MS,Commodities_MS-001,O-20200416-084500-001-000-85,O-20200416-141500-001-000-86,BUY,FLAT,0,100000,1587026700000000000,2020-04-16 08:45:00+00:00,1587046500000000000,2020-04-16 14:15:00+00:00,19800000000000,20.2260099999,19.8949900001,['4012.10 USD'],-0.01637,-37114.10 USD,True
EURUSD.Commodities_MS-EMACrossTFStrategy-000-17f031f0-59d0-459d-b1a9-2214c7192235,BACKTESTER-001,EMACrossTFStrategy-000,EURUSD.Commodities_MS,Commodities_MS-001,O-20200416-141500-001-000-87,O-20200416-153000-001-000-88,SELL,FLAT,0,100000,1587046500000000000,2020-04-16 14:15:00+00:00,1587051000000000000,2020-04-16 15:30:00+00:00,4500000000000,19.8949900001,20.2350099999,['4013.00 USD'],-0.01709,-38015.00 USD,True
EURUSD.Commodities_MS-EMACrossTFStrategy-000-2a041679-594c-40be-8c6e-5a50f36bfc58,BACKTESTER-001,EMACrossTFStrategy-000,EURUSD.Commodities_MS,Commodities_MS-001,O-20200416-153000-001-000-89,O-20200416-154500-001-000-90,BUY,FLAT,0,100000,1587051000000000000,2020-04-16 15:30:00+00:00,1587051900000000000,2020-04-16 15:45:00+00:00,900000000000,20.2350099999,19.9749900001,['4021.00 USD'],-0.01285,-30023.00 USD,True
EURUSD.Commodities_MS-EMACrossTFStrategy-000-ce766e19-4230-49f0-a9fe-5234c164e2db,BACKTESTER-001,EMACrossTFStrategy-000,EURUSD.Commodities_MS,Commodities_MS-001,O-20200416-154500-001-000-91,O-20200416-223000-001-000-92,SELL,FLAT,0,100000,1587051900000000000,2020-04-16 15:45:00+00:00,1587076200000000000,2020-04-16 22:30:00+00:00,24300000000000,19.9749900001,20.050009999900002,['4002.50 USD'],-0.00376,-11504.50 USD,True
EURUSD.Commodities_MS-EMACrossTFStrategy-000-f050d5f9-2503-490a-a490-aa045fb37761,BACKTESTER-001,EMACrossTFStrategy-000,EURUSD.Commodities_MS,Commodities_MS-001,O-20200416-223000-001-000-93,O-20200417-024500-001-000-94,BUY,FLAT,0,100000,1587076200000000000,2020-04-16 22:30:00+00:00,1587091500000000000,2020-04-17 02:45:00+00:00,15300000000000,20.050009999900002,19.6649900001,['3971.50 USD'],-0.0192,-42473.50 USD,True
EURUSD.Commodities_MS-EMACrossTFStrategy-000-d85fafe7-7410-4dd7-bfa1-cd72cb7ba079,BACKTESTER-001,EMACrossTFStrategy-000,EURUSD.Commodities_MS,Commodities_MS-001,O-20200417-024500-001-000-95,O-20200417-204500-001-000-96,SELL,FLAT,0,100000,1587091500000000000,2020-04-17 02:45:00+00:00,1587156300000000000,2020-04-17 20:45:00+00:00,64800000000000,19.6649900001,18.3600099999,['3802.50 USD'],0.06636,126695.50 USD,True
EURUSD.Commodities_MS-EMACrossTFStrategy-000-9179a3a9-8dd7-40c9-9320-1184779841ff,BACKTESTER-001,EMACrossTFStrategy-000,EURUSD.Commodities_MS,Commodities_MS-001,O-20200417-204500-001-000-97,O-20200420-084500-001-000-98,BUY,FLAT,0,100000,1587156300000000000,2020-04-17 20:45:00+00:00,1587372300000000000,2020-04-20 08:45:00+00:00,216000000000000,18.3600099999,23.3149900001,['4167.50 USD'],0.26988,491330.50 USD,True
EURUSD.Commodities_MS-EMACrossTFStrategy-000-b5ee9586-8106-48d0-ac99-6bbd8e35b992,BACKTESTER-001,EMACrossTFStrategy-000,EURUSD.Commodities_MS,Commodities_MS-001,O-20200420-084500-001-000-99,O-20200420-161500-001-000-100,SELL,FLAT,0,100000,1587372300000000000,2020-04-20 08:45:00+00:00,1587399300000000000,2020-04-20 16:15:00+00:00,27000000000000,23.3149900001,22.820009999899998,['4613.50 USD'],0.02123,44884.50 USD,True
EURUSD.Commodities_MS-EMACrossTFStrategy-000-d663d695-09dc-4d07-8705-ece490023d65,BACKTESTER-001,EMACrossTFStrategy-000,EURUSD.Commodities_MS,Commodities_MS-001,O-20200420-161500-001-000-101,O-20200420-163000-001-000-102,BUY,FLAT,0,100000,1587399300000000000,2020-04-20 16:15:00+00:00,1587400200000000000,2020-04-20 16:30:00+00:00,900000000000,22.820009999899998,22.6149900001,['4543.50 USD'],-0.00898,-25045.50 USD,True
EURUSD.Commodities_MS-EMACrossTFStrategy-000-ba2d7208-4b50-47d1-bdf0-db25d5daaa82,BACKTESTER-001,EMACrossTFStrategy-000,EURUSD.Commodities_MS,Commodities_MS-001,O-20200420-163000-001-000-103,O-20200420-164500-001-000-104,SELL,FLAT,0,100000,1587400200000000000,2020-04-20 16:30:00+00:00,1587401100000000000,2020-04-20 16:45:00+00:00,900000000000,22.6149900001,22.7800099999,['4539.50 USD'],-0.0073,-21041.50 USD,True
EURUSD.Commodities_MS-EMACrossTFStrategy-000-e8e35b15-5ea1-4f1d-9aee-954058b64225,BACKTESTER-001,EMACrossTFStrategy-000,EURUSD.Commodities_MS,Commodities_MS-001,O-20200420-164500-001-000-105,O-20200420-170000-001-000-106,BUY,FLAT,0,100000,1587401100000000000,2020-04-20 16:45:00+00:00,1587402000000000000,2020-04-20 17:00:00+00:00,900000000000,22.7800099999,22.2449900001,['4502.50 USD'],-0.02349,-58004.50 USD,True
EURUSD.Commodities_MS-EMACrossTFStrategy-000-0760b49c-b991-43f4-b133-d4e7a5ee2a35,BACKTESTER-001,EMACrossTFStrategy-000,EURUSD.Commodities_MS,Commodities_MS-001,O-20200420-170000-001-000-107,O-20200421-004500-001-000-108,SELL,FLAT,0,100000,1587402000000000000,2020-04-20 17:00:00+00:00,1587429900000000000,2020-04-21 00:45:00+00:00,27900000000000,22.2449900001,21.8800099999,['4412.50 USD'],0.01641,32085.50 USD,True
EURUSD.Commodities_MS-EMACrossTFStrategy-000-41a8b01e-5b1b-44a5-9edc-61280643f511,BACKTESTER-001,EMACrossTFStrategy-000,EURUSD.Commodities_MS,Commodities_MS-001,O-20200421-004500-001-000-109,O-20200421-030000-001-000-110,BUY,FLAT,0,100000,1587429900000000000,2020-04-21 00:45:00+00:00,1587438000000000000,2020-04-21 03:00:00+00:00,8100000000000,21.8800099999,21.124990000100002,['4300.50 USD'],-0.03451,-79802.50 USD,True
EURUSD.Commodities_MS-EMACrossTFStrategy-000-59326ff0-90fa-4956-bdac-a20aeb513fd6,BACKTESTER-001,EMACrossTFStrategy-000,EURUSD.Commodities_MS,Commodities_MS-001,O-20200421-030000-001-000-111,O-20200421-211500-001-000-112,SELL,FLAT,0,100000,1587438000000000000,2020-04-21 03:00:00+00:00,1587503700000000000,2020-04-21 21:15:00+00:00,65700000000000,21.124990000100002,13.130009999899999,['3425.50 USD'],0.37846,796072.50 USD,True
EURUSD.Commodities_MS-EMACrossTFStrategy-000-2d342f24-bc98-4767-b3b8-eb3810ca1db6,BACKTESTER-001,EMACrossTFStrategy-000,EURUSD.Commodities_MS,Commodities_MS-001,O-20200421-211500-001-000-113,O-20200422-020000-001-000-114,BUY,FLAT,0,100000,1587503700000000000,2020-04-21 21:15:00+00:00,1587520800000000000,2020-04-22 02:00:00+00:00,17100000000000,13.130009999899999,12.939990000099998,['2607.00 USD'],-0.01447,-21609.00 USD,True
EURUSD.Commodities_MS-EMACrossTFStrategy-000-14de7000-e855-410f-a1a6-2909b6e5bb26,BACKTESTER-001,EMACrossTFStrategy-000,EURUSD.Commodities_MS,Commodities_MS-001,O-20200422-020000-001-000-115,O-20200422-104500-001-000-116,SELL,FLAT,0,100000,1587520800000000000,2020-04-22 02:00:00+00:00,1587552300000000000,2020-04-22 10:45:00+00:00,31500000000000,12.939990000099998,11.640009999899998,['2458.00 USD'],0.10046,127540.00 USD,True
EURUSD.Commodities_MS-EMACrossTFStrategy-000-f70997f2-be5b-42c1-b066-0fd9723fe5a7,BACKTESTER-001,EMACrossTFStrategy-000,EURUSD.Commodities_MS,Commodities_MS-001,O-20200422-104500-001-000-117,O-20200422-120000-001-000-118,BUY,FLAT,0,100000,1587552300000000000,2020-04-22 10:45:00+00:00,1587556800000000000,2020-04-22 12:00:00+00:00,4500000000000,11.640009999899998,11.2599900001,['2290.00 USD'],-0.03265,-40292.00 USD,True
EURUSD.Commodities_MS-EMACrossTFStrategy-000-bfa4968b-80e3-4616-921c-fa360956a164,BACKTESTER-001,EMACrossTFStrategy-000,EURUSD.Commodities_MS,Commodities_MS-001,O-20200422-120000-001-000-119,O-20200422-121500-001-000-120,SELL,FLAT,0,100000,1587556800000000000,2020-04-22 12:00:00+00:00,1587557700000000000,2020-04-22 12:15:00+00:00,900000000000,11.2599900001,11.845009999899998,['2310.50 USD'],-0.05196,-60812.50 USD,True
EURUSD.Commodities_MS-EMACrossTFStrategy-000-6d913ef3-b3d7-4d3c-adc5-42f39be21ee4,BACKTESTER-001,EMACrossTFStrategy-000,EURUSD.Commodities_MS,Commodities_MS-001,O-20200422-121500-001-000-121,O-20200423-010000-001-000-122,BUY,FLAT,0,100000,1587557700000000000,2020-04-22 12:15:00+00:00,1587603600000000000,2020-04-23 01:00:00+00:00,45900000000000,11.845009999899998,13.5699900001,['2541.50 USD'],0.14563,169956.50 USD,True
EURUSD.Commodities_MS-EMACrossTFStrategy-000-dfa020fc-1093-444f-9bda-df64f04f1e4d,BACKTESTER-001,EMACrossTFStrategy-000,EURUSD.Commodities_MS,Commodities_MS-001,O-20200423-010000-001-000-123,O-20200423-033000-001-000-124,SELL,FLAT,0,100000,1587603600000000000,2020-04-23 01:00:00+00:00,1587612600000000000,2020-04-23 03:30:00+00:00,9000000000000,13.5699900001,14.3360099999,['2790.60 USD'],-0.05645,-79392.60 USD,True
EURUSD.Commodities_MS-EMACrossTFStrategy-000-99aaef99-92ed-404b-bf8e-b6f964ea5d4e,BACKTESTER-001,EMACrossTFStrategy-000,EURUSD.Commodities_MS,Commodities_MS-001,O-20200423-033000-001-000-125,O-20200423-181500-001-000-126,BUY,FLAT,0,100000,1587612600000000000,2020-04-23 03:30:00+00:00,1587665700000000000,2020-04-23 18:15:00+00:00,53100000000000,14.3360099999,16.399990000099997,['3073.60 USD'],0.14397,203324.40 USD,True
EURUSD.Commodities_MS-EMACrossTFStrategy-000-3dc6ab3a-5b38-44e1-94d3-cb03f1f74890,BACKTESTER-001,EMACrossTFStrategy-000,EURUSD.Commodities_MS,Commodities_MS-001,O-20200423-181500-001-000-127,O-20200423-204500-001-000-128,SELL,FLAT,0,100000,1587665700000000000,2020-04-23 18:15:00+00:00,1587674700000000000,2020-04-23 20:45:00+00:00,9000000000000,16.399990000099997,17.080009999900003,['3348.00 USD'],-0.04146,-71350.00 USD,True
EURUSD.Commodities_MS-EMACrossTFStrategy-000-fb2b67aa-dcd1-4c45-a274-ec8f6903aef3,BACKTESTER-001,EMACrossTFStrategy-000,EURUSD.Commodities_MS,Commodities_MS-001,O-20200423-204500-001-000-129,O-20200423-210000-001-000-130,BUY,FLAT,0,100000,1587674700000000000,2020-04-23 20:45:00+00:00,1587675600000000000,2020-04-23 21:00:00+00:00,900000000000,17.080009999900003,16.8349900001,['3391.50 USD'],-0.01435,-27893.50 USD,True
EURUSD.Commodities_MS-EMACrossTFStrategy-000-0d1b2bab-2526-4a3c-8cd7-290380db5c08,BACKTESTER-001,EMACrossTFStrategy-000,EURUSD.Commodities_MS,Commodities_MS-001,O-20200423-210000-001-000-131,O-20200423-231500-001-000-132,SELL,FLAT,0,100000,1587675600000000000,2020-04-23 21:00:00+00:00,1587683700000000000,2020-04-23 23:15:00+00:00,8100000000000,16.8349900001,17.225009999900003,['3406.00 USD'],-0.02317,-42408.00 USD,True
EURUSD.Commodities_MS-EMACrossTFStrategy-000-e33fe041-63cc-4895-a772-84a49398d480,BACKTESTER-001,EMACrossTFStrategy-000,EURUSD.Commodities_MS,Commodities_MS-001,O-20200423-231500-001-000-133,O-20200424-060000-001-000-134,BUY,FLAT,0,100000,1587683700000000000,2020-04-23 23:15:00+00:00,1587708000000000000,2020-04-24 06:00:00+00:00,24300000000000,17.225009999900003,16.9249900001,['3415.00 USD'],-0.01742,-33417.00 USD,True
EURUSD.Commodities_MS-EMACrossTFStrategy-000-5f32bbb4-2e78-45bd-b206-21a83be564a3,BACKTESTER-001,EMACrossTFStrategy-000,EURUSD.Commodities_MS,Commodities_MS-001,O-20200424-060000-001-000-135,O-20200424-113000-001-000-136,SELL,FLAT,0,100000,1587708000000000000,2020-04-24 06:00:00+00:00,1587727800000000000,2020-04-24 11:30:00+00:00,19800000000000,16.9249900001,17.0400099999,['3396.50 USD'],-0.0068,-14898.50 USD,True
EURUSD.Commodities_MS-EMACrossTFStrategy-000-118eb575-52fa-4f3e-bf9d-f3e7a9ff0183,BACKTESTER-001,EMACrossTFStrategy-000,EURUSD.Commodities_MS,Commodities_MS-001,O-20200424-113000-001-000-137,O-20200424-161500-001-000-138,BUY,FLAT,0,100000,1587727800000000000,2020-04-24 11:30:00+00:00,1587744900000000000,2020-04-24 16:15:00+00:00,17100000000000,17.0400099999,16.669990000099997,['3371.00 USD'],-0.02171,-40373.00 USD,True
EURUSD.Commodities_MS-EMACrossTFStrategy-000-95d5d917-494b-42d8-82d2-bf872301a4db,BACKTESTER-001,EMACrossTFStrategy-000,EURUSD.Commodities_MS,Commodities_MS-001,O-20200424-161500-001-000-139,O-20200424-174500-001-000-140,SELL,FLAT,0,100000,1587744900000000000,2020-04-24 16:15:00+00:00,1587750300000000000,2020-04-24 17:45:00+00:00,5400000000000,16.669990000099997,17.2900099999,['3396.00 USD'],-0.03719,-65398.00 USD,True
EURUSD.Commodities_MS-EMACrossTFStrategy-000-e759c1b4-d3c6-45c7-b587-e2a325c9a53e,BACKTESTER-001,EMACrossTFStrategy-000,EURUSD.Commodities_MS,Commodities_MS-001,O-20200424-174500-001-000-141,O-20200426-220000-001-000-142,BUY,FLAT,0,100000,1587750300000000000,2020-04-24 17:45:00+00:00,1587938400000000000,2020-04-26 22:00:00+00:00,188100000000000,17.2900099999,16.6799900001,['3397.00 USD'],-0.03528,-64399.00 USD,True
EURUSD.Commodities_MS-EMACrossTFStrategy-000-e558b60b-9576-48cc-a2eb-ef67b3e47785,BACKTESTER-001,EMACrossTFStrategy-000,EURUSD.Commodities_MS,Commodities_MS-001,O-20200426-220000-001-000-143,O-20200427-184500-001-000-144,SELL,FLAT,0,100000,1587938400000000000,2020-04-26 22:00:00+00:00,1588013100000000000,2020-04-27 18:45:00+00:00,74700000000000,16.6799900001,13.0900099999,['2977.00 USD'],0.21523,356021.00 USD,True
EURUSD.Commodities_MS-EMACrossTFStrategy-000-1c9e07c0-885b-48e1-aea4-81de40ae4c12,BACKTESTER-001,EMACrossTFStrategy-000,EURUSD.Commodities_MS,Commodities_MS-001,O-20200427-184500-001-000-145,O-20200427-214500-001-000-146,BUY,FLAT,0,100000,1588013100000000000,2020-04-27 18:45:00+00:00,1588023900000000000,2020-04-27 21:45:00+00:00,10800000000000,13.0900099999,12.8849900001,['2597.50 USD'],-0.01566,-23099.50 USD,True
EURUSD.Commodities_MS-EMACrossTFStrategy-000-cd292006-8ca5-45d5-8b7f-fb7d725b23af,BACKTESTER-001,EMACrossTFStrategy-000,EURUSD.Commodities_MS,Commodities_MS-001,O-20200427-214500-001-000-147,O-20200427-220000-001-000-148,SELL,FLAT,0,100000,1588023900000000000,2020-04-27 21:45:00+00:00,1588024800000000000,2020-04-27 22:00:00+00:00,900000000000,12.8849900001,13.0300099999,['2591.50 USD'],-0.01125,-17093.50 USD,True
EURUSD.Commodities_MS-EMACrossTFStrategy-000-50b45978-99a8-4319-af48-f4163c96848e,BACKTESTER-001,EMACrossTFStrategy-000,EURUSD.Commodities_MS,Commodities_MS-001,O-20200427-220000-001-000-149,O-20200427-221500-001-000-150,BUY,FLAT,0,100000,1588024800000000000,2020-04-27 22:00:00+00:00,1588025700000000000,2020-04-27 22:15:00+00:00,900000000000,13.0300099999,12.8749900001,['2590.50 USD'],-0.0119,-18092.50 USD,True
EURUSD.Commodities_MS-EMACrossTFStrategy-000-8b21d0b1-6748-4b59-8d45-3088d57ee17d,BACKTESTER-001,EMACrossTFStrategy-000,EURUSD.Commodities_MS,Commodities_MS-001,O-20200427-221500-001-000-151,O-20200427-223000-001-000-152,SELL,FLAT,0,100000,1588025700000000000,2020-04-27 22:15:00+00:00,1588026600000000000,2020-04-27 22:30:00+00:00,900000000000,12.8749900001,13.1050099999,['2598.00 USD'],-0.01787,-25600.00 USD,True
EURUSD.Commodities_MS-EMACrossTFStrategy-000-3f63b9a9-178a-4426-b535-37963eea5d35,BACKTESTER-001,EMACrossTFStrategy-000,EURUSD.Commodities_MS,Commodities_MS-001,O-20200427-223000-001-000-153,O-20200427-230000-001-000-154,BUY,FLAT,0,100000,1588026600000000000,2020-04-27 22:30:00+00:00,1588028400000000000,2020-04-27 23:00:00+00:00,1800000000000,13.1050099999,12.8099900001,['2591.50 USD'],-0.02251,-32093.50 USD,True
EURUSD.Commodities_MS-EMACrossTFStrategy-000-4d3aaf5d-83c8-466c-b4b2-284aaa170d00,BACKTESTER-001,EMACrossTFStrategy-000,EURUSD.Commodities_MS,Commodities_MS-001,O-20200427-230000-001-000-155,O-20200428-094500-001-000-156,SELL,FLAT,0,100000,1588028400000000000,2020-04-27 23:00:00+00:00,1588067100000000000,2020-04-28 09:45:00+00:00,38700000000000,12.8099900001,12.0900099999,['2490.00 USD'],0.0562,69508.00 USD,True
EURUSD.Commodities_MS-EMACrossTFStrategy-000-ce859ba2-0086-49b0-9e79-eeaefa803c52,BACKTESTER-001,EMACrossTFStrategy-000,EURUSD.Commodities_MS,Commodities_MS-001,O-20200428-094500-001-000-157,O-20200429-061500-001-000-158,BUY,FLAT,0,100000,1588067100000000000,2020-04-28 09:45:00+00:00,1588140900000000000,2020-04-29 06:15:00+00:00,73800000000000,12.0900099999,13.359990000100002,['2545.00 USD'],0.10504,124453.00 USD,True
EURUSD.Commodities_MS-EMACrossTFStrategy-000-3884874a-a58c-411b-a0a8-405eaf3cb526,BACKTESTER-001,EMACrossTFStrategy-000,EURUSD.Commodities_MS,Commodities_MS-001,O-20200429-061500-001-000-159,O-20200429-064500-001-000-160,SELL,FLAT,0,100000,1588140900000000000,2020-04-29 06:15:00+00:00,1588142700000000000,2020-04-29 06:45:00+00:00,1800000000000,13.359990000100002,13.945009999900002,['2730.50 USD'],-0.04379,-61232.50 USD,True
EURUSD.Commodities_MS-EMACrossTFStrategy-000-455b3bb7-783d-4b74-a711-3886e1e69f0a,BACKTESTER-001,EMACrossTFStrategy-000,EURUSD.Commodities_MS,Commodities_MS-001,O-20200429-064500-001-000-161,O-20200429-184500-001-000-162,BUY,FLAT,0,100000,1588142700000000000,2020-04-29 06:45:00+00:00,1588185900000000000,2020-04-29 18:45:00+00:00,43200000000000,13.945009999900002,15.179990000099998,['2912.50 USD'],0.08856,120585.50 USD,True
EURUSD.Commodities_MS-EMACrossTFStrategy-000-124c1432-7c2a-4f8d-a75b-3b2c7d7062ea,BACKTESTER-001,EMACrossTFStrategy-000,EURUSD.Commodities_MS,Commodities_MS-001,O-20200429-184500-001-000-163,O-20200429-220000-001-000-164,SELL,FLAT,0,100000,1588185900000000000,2020-04-29 18:45:00+00:00,1588197600000000000,2020-04-29 22:00:00+00:00,11700000000000,15.179990000099998,15.585009999899999,['3076.51 USD'],-0.02668,-43578.50 USD,True
EURUSD.Commodities_MS-EMACrossTFStrategy-000-6030e75a-d801-48f2-8862-b3e830053166,BACKTESTER-001,EMACrossTFStrategy-000,EURUSD.Commodities_MS,Commodities_MS-001,O-20200429-220000-001-000-165,O-20200430-131500-001-000-166,BUY,FLAT,0,100000,1588197600000000000,2020-04-29 22:00:00+00:00,1588252500000000000,2020-04-30 13:15:00+00:00,54900000000000,15.585009999899999,16.839990000100002,['3242.51 USD'],0.08052,122255.50 USD,True
EURUSD.Commodities_MS-EMACrossTFStrategy-000-24e0cf7c-048f-42af-ae1a-6705cc262049,BACKTESTER-001,EMACrossTFStrategy-000,EURUSD.Commodities_MS,Commodities_MS-001,O-20200430-131500-001-000-167,O-20200430-140000-001-000-168,SELL,FLAT,0,100000,1588252500000000000,2020-04-30 13:15:00+00:00,1588255200000000000,2020-04-30 14:00:00+00:00,2700000000000,16.839990000100002,17.9800099999,['3482.00 USD'],-0.0677,-117484.00 USD,True
EURUSD.Commodities_MS-EMACrossTFStrategy-000-04e4b915-cfc2-4b18-9503-d8a565717c8e,BACKTESTER-001,EMACrossTFStrategy-000,EURUSD.Commodities_MS,Commodities_MS-001,O-20200430-140000-001-000-169,O-20200430-174500-001-000-170,BUY,FLAT,0,100000,1588255200000000000,2020-04-30 14:00:00+00:00,1588268700000000000,2020-04-30 17:45:00+00:00,13500000000000,17.9800099999,17.239990000099997,['3522.00 USD'],-0.04116,-77524.00 USD,True
EURUSD.Commodities_MS-EMACrossTFStrategy-000-acdc2a81-f2cc-4d66-a03a-35fdd96c2abb,BACKTESTER-001,EMACrossTFStrategy-000,EURUSD.Commodities_MS,Commodities_MS-001,O-20200430-174500-001-000-171,O-20200430-183000-001-000-172,SELL,FLAT,0,100000,1588268700000000000,2020-04-30 17:45:00+00:00,1588271400000000000,2020-04-30 18:30:00+00:00,2700000000000,17.239990000099997,18.4800099999,['3572.00 USD'],-0.07193,-127574.00 USD,True
EURUSD.Commodities_MS-EMACrossTFStrategy-000,BACKTESTER-001,EMACrossTFStrategy-000,EURUSD.Commodities_MS,Commodities_MS-001,O-20200430-183000-001-000-173,O-20200430-235900-001-000-174,BUY,FLAT,0,100000,1588271400000000000,2020-04-30 18:30:00+00:00,1588291140000000000,2020-04-30 23:59:00+00:00,19740000000000,18.4800099999,19.534990000100002,['3801.50 USD'],0.05709,101696.50001 USD,False
