timestamp,open,high,low,close,volume
2024-04-01T05:30:00+05:30,1.07934,1.07937,1.07921,1.07924,73.0
2024-04-01T06:15:00+05:30,1.07923,1.07989,1.07923,1.07945,3160.0
2024-04-01T07:00:00+05:30,1.07945,1.07967,1.07901,1.07926,3534.0
2024-04-01T07:45:00+05:30,1.07925,1.07927,1.07851,1.07868,2273.0
2024-04-01T08:30:00+05:30,1.07868,1.07897,1.07858,1.07884,3276.0
2024-04-01T09:15:00+05:30,1.07883,1.07903,1.07849,1.07887,2312.0
2024-04-01T10:00:00+05:30,1.07886,1.07915,1.07862,1.07867,1309.0
2024-04-01T10:45:00+05:30,1.07868,1.07877,1.07843,1.0785,1386.0
2024-04-01T11:30:00+05:30,1.07848,1.07866,1.07829,1.07856,1705.0
2024-04-01T12:15:00+05:30,1.07855,1.07906,1.07847,1.0788,2673.0
2024-04-01T13:00:00+05:30,1.07879,1.07924,1.07848,1.07902,1992.0
2024-04-01T13:45:00+05:30,1.07903,1.07913,1.07832,1.0788,1987.0
2024-04-01T14:30:00+05:30,1.07881,1.07918,1.07878,1.07908,2852.0
2024-04-01T15:15:00+05:30,1.07908,1.07911,1.07872,1.07882,2782.0
2024-04-01T16:00:00+05:30,1.07882,1.0789,1.07808,1.07819,3832.0
2024-04-01T16:45:00+05:30,1.0782,1.07856,1.07798,1.07835,2642.0
2024-04-01T17:30:00+05:30,1.07835,1.07879,1.07826,1.07858,2235.0
2024-04-01T18:15:00+05:30,1.07858,1.07859,1.07773,1.07797,5932.0
2024-04-01T19:00:00+05:30,1.07798,1.07832,1.07773,1.07788,7258.0
2024-04-01T19:45:00+05:30,1.07787,1.07804,1.0745,1.07513,18824.0
2024-04-01T20:30:00+05:30,1.07512,1.07513,1.07396,1.07429,18416.0
2024-04-01T21:15:00+05:30,1.07428,1.07449,1.07324,1.07324,6618.0
2024-04-01T22:00:00+05:30,1.07323,1.07368,1.07311,1.07357,6305.0
2024-04-01T22:45:00+05:30,1.07359,1.0742,1.07344,1.07416,5201.0
2024-04-01T23:30:00+05:30,1.07415,1.07442,1.074,1.07412,2879.0
2024-04-02T00:15:00+05:30,1.07412,1.07428,1.0737,1.07374,2801.0
2024-04-02T01:00:00+05:30,1.07373,1.07428,1.07373,1.07402,6562.0
2024-04-02T01:45:00+05:30,1.07401,1.07428,1.07395,1.07426,5626.0
2024-04-02T02:30:00+05:30,1.07427,1.07441,1.07418,1.0744,2499.0
2024-04-02T03:15:00+05:30,1.07447,1.07452,1.07398,1.07439,2902.0
2024-04-02T04:00:00+05:30,1.07437,1.0745,1.07424,1.07425,614.0
2024-04-02T04:45:00+05:30,1.07426,1.07428,1.07359,1.07371,2130.0
2024-04-02T05:30:00+05:30,1.0737,1.07398,1.0735,1.0735,2084.0
2024-04-02T06:15:00+05:30,1.0735,1.07361,1.07311,1.07341,5909.0
2024-04-02T07:00:00+05:30,1.0734,1.0739,1.07304,1.07359,7450.0
2024-04-02T07:45:00+05:30,1.07361,1.07383,1.073,1.07309,7138.0
2024-04-02T08:30:00+05:30,1.0731,1.07359,1.07297,1.07357,4953.0
2024-04-02T09:15:00+05:30,1.07358,1.07364,1.07311,1.07313,2952.0
2024-04-02T10:00:00+05:30,1.07311,1.07326,1.07295,1.07326,2010.0
2024-04-02T10:45:00+05:30,1.07326,1.07351,1.07318,1.07339,1975.0
2024-04-02T11:30:00+05:30,1.07338,1.07338,1.07251,1.07252,3398.0
2024-04-02T12:15:00+05:30,1.07251,1.07322,1.07248,1.07263,8781.0
2024-04-02T13:00:00+05:30,1.07263,1.07345,1.07256,1.07342,7874.0
2024-04-02T13:45:00+05:30,1.07341,1.0743,1.07302,1.0736,12946.0
2024-04-02T14:30:00+05:30,1.0736,1.0736,1.07266,1.07329,8689.0
2024-04-02T15:15:00+05:30,1.07327,1.07409,1.07322,1.07401,7838.0
2024-04-02T16:00:00+05:30,1.074,1.07432,1.0738,1.07428,6313.0
2024-04-02T16:45:00+05:30,1.07427,1.07477,1.0739,1.07455,8795.0
2024-04-02T17:30:00+05:30,1.07454,1.07538,1.07433,1.0753,10872.0
2024-04-02T18:15:00+05:30,1.0753,1.07562,1.07457,1.07486,8232.0
2024-04-02T19:00:00+05:30,1.07486,1.07612,1.07466,1.07605,9493.0
2024-04-02T19:45:00+05:30,1.07604,1.07767,1.07575,1.07718,13096.0
2024-04-02T20:30:00+05:30,1.07718,1.07792,1.07634,1.07656,9133.0
2024-04-02T21:15:00+05:30,1.07657,1.0772,1.07645,1.07692,8198.0
2024-04-02T22:00:00+05:30,1.07691,1.07704,1.07649,1.07677,4623.0
2024-04-02T22:45:00+05:30,1.07676,1.07702,1.07659,1.07661,2587.0
2024-04-02T23:30:00+05:30,1.07662,1.07681,1.07646,1.07681,2076.0
2024-04-03T00:15:00+05:30,1.07679,1.07687,1.07627,1.07628,2415.0
2024-04-03T01:00:00+05:30,1.07628,1.07649,1.07603,1.07605,1757.0
2024-04-03T01:45:00+05:30,1.07606,1.07686,1.07606,1.07679,6605.0
2024-04-03T02:30:00+05:30,1.07679,1.07705,1.07663,1.07705,2661.0
2024-04-03T03:15:00+05:30,1.07705,1.07756,1.07696,1.07728,1423.0
2024-04-03T04:00:00+05:30,1.07729,1.07744,1.07694,1.07699,1385.0
2024-04-03T04:45:00+05:30,1.077,1.07712,1.07673,1.07679,1131.0
2024-04-03T05:30:00+05:30,1.07679,1.0769,1.07668,1.07677,1536.0
2024-04-03T06:15:00+05:30,1.07677,1.07688,1.07661,1.07682,2314.0
2024-04-03T07:00:00+05:30,1.0768,1.07717,1.0766,1.07686,3212.0
2024-04-03T07:45:00+05:30,1.07685,1.0775,1.07677,1.07739,2472.0
2024-04-03T08:30:00+05:30,1.07739,1.07751,1.0773,1.07747,1401.0
2024-04-03T09:15:00+05:30,1.07747,1.07796,1.07744,1.0777,1451.0
2024-04-03T10:00:00+05:30,1.07769,1.07782,1.0776,1.07773,2302.0
2024-04-03T10:45:00+05:30,1.07772,1.07778,1.07746,1.07768,3025.0
2024-04-03T11:30:00+05:30,1.07768,1.07775,1.07741,1.07745,2334.0
2024-04-03T12:15:00+05:30,1.07744,1.07761,1.07673,1.07713,3695.0
2024-04-03T13:00:00+05:30,1.0771,1.07715,1.07642,1.07658,4174.0
2024-04-03T13:45:00+05:30,1.07658,1.07729,1.07647,1.07725,5403.0
2024-04-03T14:30:00+05:30,1.07725,1.07775,1.07683,1.07734,4028.0
2024-04-03T15:15:00+05:30,1.07735,1.07735,1.07652,1.07694,3044.0
2024-04-03T16:00:00+05:30,1.07694,1.07748,1.07664,1.07716,5012.0
2024-04-03T16:45:00+05:30,1.07717,1.07849,1.07707,1.07838,5319.0
2024-04-03T17:30:00+05:30,1.07837,1.07851,1.07783,1.0785,3886.0
2024-04-03T18:15:00+05:30,1.07849,1.07866,1.07747,1.0777,10943.0
2024-04-03T19:00:00+05:30,1.0777,1.07891,1.07732,1.07874,14013.0
2024-04-03T19:45:00+05:30,1.07875,1.08181,1.07864,1.08063,19229.0
2024-04-03T20:30:00+05:30,1.08063,1.08242,1.08028,1.08221,15296.0
2024-04-03T21:15:00+05:30,1.08219,1.08307,1.08195,1.08253,8016.0
2024-04-03T22:00:00+05:30,1.08252,1.08333,1.08204,1.08318,7012.0
2024-04-03T22:45:00+05:30,1.08318,1.08364,1.08258,1.08306,6533.0
2024-04-03T23:30:00+05:30,1.08307,1.08344,1.08299,1.08318,4129.0
2024-04-04T00:15:00+05:30,1.08319,1.0837,1.08317,1.08333,3209.0
2024-04-04T01:00:00+05:30,1.08331,1.08355,1.08293,1.08302,5048.0
2024-04-04T01:45:00+05:30,1.08303,1.0835,1.08296,1.08339,5290.0
2024-04-04T02:30:00+05:30,1.08341,1.08375,1.08337,1.08371,2027.0
2024-04-04T03:15:00+05:30,1.08371,1.08374,1.08341,1.08356,4022.0
2024-04-04T04:00:00+05:30,1.08357,1.08384,1.08341,1.08374,763.0
2024-04-04T04:45:00+05:30,1.08374,1.08389,1.08365,1.0838,1695.0
2024-04-04T05:30:00+05:30,1.0838,1.08409,1.08372,1.08394,3383.0
2024-04-04T06:15:00+05:30,1.08395,1.084,1.08349,1.08391,3469.0
2024-04-04T07:00:00+05:30,1.0839,1.0844,1.0839,1.08418,5254.0
2024-04-04T07:45:00+05:30,1.08418,1.08419,1.08384,1.08393,3813.0
2024-04-04T08:30:00+05:30,1.08392,1.08446,1.08383,1.08429,3741.0
2024-04-04T09:15:00+05:30,1.08429,1.08434,1.08403,1.08425,4920.0
2024-04-04T10:00:00+05:30,1.08424,1.08449,1.08421,1.08443,4583.0
2024-04-04T10:45:00+05:30,1.08444,1.08447,1.08427,1.08438,2752.0
2024-04-04T11:30:00+05:30,1.08438,1.08466,1.08412,1.08426,3758.0
2024-04-04T12:15:00+05:30,1.08426,1.08465,1.08397,1.08449,3715.0
2024-04-04T13:00:00+05:30,1.08448,1.08542,1.08391,1.08538,7978.0
2024-04-04T13:45:00+05:30,1.08537,1.08585,1.08514,1.08557,14072.0
2024-04-04T14:30:00+05:30,1.08557,1.08628,1.0851,1.08589,8374.0
2024-04-04T15:15:00+05:30,1.0859,1.0863,1.08556,1.0863,9707.0
2024-04-04T16:00:00+05:30,1.08628,1.08656,1.0856,1.08566,4894.0
2024-04-04T16:45:00+05:30,1.08565,1.08624,1.08563,1.08613,5069.0
2024-04-04T17:30:00+05:30,1.08612,1.08625,1.08521,1.08543,4604.0
2024-04-04T18:15:00+05:30,1.08542,1.08627,1.08509,1.08627,6507.0
2024-04-04T19:00:00+05:30,1.08626,1.0873,1.08624,1.08702,9433.0
2024-04-04T19:45:00+05:30,1.08702,1.08766,1.0868,1.08715,11831.0
2024-04-04T20:30:00+05:30,1.08715,1.08742,1.08669,1.08674,8365.0
2024-04-04T21:15:00+05:30,1.08675,1.0869,1.08624,1.08658,3713.0
2024-04-04T22:00:00+05:30,1.08658,1.08671,1.08633,1.08642,2854.0
2024-04-04T22:45:00+05:30,1.08641,1.08645,1.08581,1.08619,2342.0
2024-04-04T23:30:00+05:30,1.08619,1.08619,1.08586,1.08588,1785.0
2024-04-05T00:15:00+05:30,1.08588,1.08588,1.08467,1.08488,5587.0
2024-04-05T01:00:00+05:30,1.08488,1.08533,1.08383,1.08395,8212.0
2024-04-05T01:45:00+05:30,1.08396,1.08414,1.08319,1.08369,9381.0
2024-04-05T02:30:00+05:30,1.08366,1.08389,1.08361,1.08376,4296.0
2024-04-05T03:15:00+05:30,1.08382,1.08424,1.08364,1.08395,12074.0
2024-04-05T04:00:00+05:30,1.08395,1.08405,1.08378,1.08387,4677.0
2024-04-05T04:45:00+05:30,1.08387,1.08393,1.08359,1.08387,1920.0
2024-04-05T05:30:00+05:30,1.08387,1.08403,1.08357,1.08362,1524.0
2024-04-05T06:15:00+05:30,1.08362,1.08415,1.08351,1.08388,7037.0
2024-04-05T07:00:00+05:30,1.08387,1.08441,1.08348,1.08348,4869.0
2024-04-05T07:45:00+05:30,1.08348,1.08348,1.08239,1.08282,4089.0
2024-04-05T08:30:00+05:30,1.08281,1.08281,1.08235,1.08256,2559.0
2024-04-05T09:15:00+05:30,1.08257,1.08282,1.08249,1.08254,2284.0
2024-04-05T10:00:00+05:30,1.08254,1.08279,1.08249,1.08275,1984.0
2024-04-05T10:45:00+05:30,1.08276,1.08282,1.08251,1.08267,1607.0
2024-04-05T11:30:00+05:30,1.08268,1.08299,1.08254,1.08275,3231.0
2024-04-05T12:15:00+05:30,1.08275,1.08293,1.08227,1.0829,2917.0
2024-04-05T13:00:00+05:30,1.0829,1.08367,1.08283,1.08362,7678.0
2024-04-05T13:45:00+05:30,1.08362,1.08418,1.08338,1.08388,8000.0
2024-04-05T14:30:00+05:30,1.08393,1.08466,1.08363,1.08369,8560.0
2024-04-05T15:15:00+05:30,1.0837,1.08423,1.0835,1.08383,6678.0
2024-04-05T16:00:00+05:30,1.08383,1.084,1.08342,1.08355,3562.0
2024-04-05T16:45:00+05:30,1.08356,1.08375,1.08308,1.08339,4924.0
2024-04-05T17:30:00+05:30,1.08338,1.08419,1.08338,1.08382,7191.0
2024-04-05T18:15:00+05:30,1.08383,1.08482,1.08027,1.08139,23247.0
2024-04-05T19:00:00+05:30,1.0814,1.08141,1.07914,1.07976,23454.0
2024-04-05T19:45:00+05:30,1.07977,1.08147,1.07953,1.08144,17436.0
2024-04-05T20:30:00+05:30,1.08143,1.08265,1.08116,1.08168,11905.0
2024-04-05T21:15:00+05:30,1.08169,1.08421,1.08166,1.08418,11335.0
2024-04-05T22:00:00+05:30,1.08416,1.08445,1.08359,1.08359,4785.0
2024-04-05T22:45:00+05:30,1.08359,1.08389,1.08332,1.08349,6182.0
2024-04-05T23:30:00+05:30,1.08349,1.0839,1.08316,1.08331,3384.0
2024-04-06T00:15:00+05:30,1.0833,1.08381,1.08308,1.08373,6062.0
2024-04-06T01:00:00+05:30,1.08374,1.08377,1.08322,1.08353,4817.0
2024-04-06T01:45:00+05:30,1.08353,1.08373,1.08328,1.08365,3575.0
2024-04-06T02:30:00+05:30,1.08361,1.08388,1.08359,1.08377,4220.0
2024-04-06T03:15:00+05:30,1.08377,1.08377,1.08377,1.08377,0.0
2024-04-06T04:00:00+05:30,1.08377,1.08377,1.08377,1.08377,0.0
2024-04-06T04:45:00+05:30,1.08377,1.08377,1.08377,1.08377,0.0
2024-04-06T05:30:00+05:30,1.08377,1.08377,1.08377,1.08377,0.0
2024-04-06T06:15:00+05:30,1.08377,1.08377,1.08377,1.08377,0.0
2024-04-06T07:00:00+05:30,1.08377,1.08377,1.08377,1.08377,0.0
2024-04-06T07:45:00+05:30,1.08377,1.08377,1.08377,1.08377,0.0
2024-04-06T08:30:00+05:30,1.08377,1.08377,1.08377,1.08377,0.0
2024-04-06T09:15:00+05:30,1.08377,1.08377,1.08377,1.08377,0.0
2024-04-06T10:00:00+05:30,1.08377,1.08377,1.08377,1.08377,0.0
2024-04-06T10:45:00+05:30,1.08377,1.08377,1.08377,1.08377,0.0
2024-04-06T11:30:00+05:30,1.08377,1.08377,1.08377,1.08377,0.0
2024-04-06T12:15:00+05:30,1.08377,1.08377,1.08377,1.08377,0.0
2024-04-06T13:00:00+05:30,1.08377,1.08377,1.08377,1.08377,0.0
2024-04-06T13:45:00+05:30,1.08377,1.08377,1.08377,1.08377,0.0
2024-04-06T14:30:00+05:30,1.08377,1.08377,1.08377,1.08377,0.0
2024-04-06T15:15:00+05:30,1.08377,1.08377,1.08377,1.08377,0.0
2024-04-06T16:00:00+05:30,1.08377,1.08377,1.08377,1.08377,0.0
2024-04-06T16:45:00+05:30,1.08377,1.08377,1.08377,1.08377,0.0
2024-04-06T17:30:00+05:30,1.08377,1.08377,1.08377,1.08377,0.0
2024-04-06T18:15:00+05:30,1.08377,1.08377,1.08377,1.08377,0.0
2024-04-06T19:00:00+05:30,1.08377,1.08377,1.08377,1.08377,0.0
2024-04-06T19:45:00+05:30,1.08377,1.08377,1.08377,1.08377,0.0
2024-04-06T20:30:00+05:30,1.08377,1.08377,1.08377,1.08377,0.0
2024-04-06T21:15:00+05:30,1.08377,1.08377,1.08377,1.08377,0.0
2024-04-06T22:00:00+05:30,1.08377,1.08377,1.08377,1.08377,0.0
2024-04-06T22:45:00+05:30,1.08377,1.08377,1.08377,1.08377,0.0
2024-04-06T23:30:00+05:30,1.08377,1.08377,1.08377,1.08377,0.0
2024-04-07T00:15:00+05:30,1.08377,1.08377,1.08377,1.08377,0.0
2024-04-07T01:00:00+05:30,1.08377,1.08377,1.08377,1.08377,0.0
2024-04-07T01:45:00+05:30,1.08377,1.08377,1.08377,1.08377,0.0
2024-04-07T02:30:00+05:30,1.08377,1.08377,1.08377,1.08377,0.0
2024-04-07T03:15:00+05:30,1.08377,1.08377,1.08377,1.08377,0.0
2024-04-07T04:00:00+05:30,1.08377,1.08377,1.08377,1.08377,0.0
2024-04-07T04:45:00+05:30,1.08377,1.08377,1.08377,1.08377,0.0
2024-04-07T05:30:00+05:30,1.08377,1.08377,1.08377,1.08377,0.0
2024-04-07T06:15:00+05:30,1.08377,1.08377,1.08377,1.08377,0.0
2024-04-07T07:00:00+05:30,1.08377,1.08377,1.08377,1.08377,0.0
2024-04-07T07:45:00+05:30,1.08377,1.08377,1.08377,1.08377,0.0
2024-04-07T08:30:00+05:30,1.08377,1.08377,1.08377,1.08377,0.0
2024-04-07T09:15:00+05:30,1.08377,1.08377,1.08377,1.08377,0.0
2024-04-07T10:00:00+05:30,1.08377,1.08377,1.08377,1.08377,0.0
2024-04-07T10:45:00+05:30,1.08377,1.08377,1.08377,1.08377,0.0
2024-04-07T11:30:00+05:30,1.08377,1.08377,1.08377,1.08377,0.0
2024-04-07T12:15:00+05:30,1.08377,1.08377,1.08377,1.08377,0.0
2024-04-07T13:00:00+05:30,1.08377,1.08377,1.08377,1.08377,0.0
2024-04-07T13:45:00+05:30,1.08377,1.08377,1.08377,1.08377,0.0
2024-04-07T14:30:00+05:30,1.08377,1.08377,1.08377,1.08377,0.0
2024-04-07T15:15:00+05:30,1.08377,1.08377,1.08377,1.08377,0.0
2024-04-07T16:00:00+05:30,1.08377,1.08377,1.08377,1.08377,0.0
2024-04-07T16:45:00+05:30,1.08377,1.08377,1.08377,1.08377,0.0
2024-04-07T17:30:00+05:30,1.08377,1.08377,1.08377,1.08377,0.0
2024-04-07T18:15:00+05:30,1.08377,1.08377,1.08377,1.08377,0.0
2024-04-07T19:00:00+05:30,1.08377,1.08377,1.08377,1.08377,0.0
2024-04-07T19:45:00+05:30,1.08377,1.08377,1.08377,1.08377,0.0
2024-04-07T20:30:00+05:30,1.08377,1.08377,1.08377,1.08377,0.0
2024-04-07T21:15:00+05:30,1.08377,1.08377,1.08377,1.08377,0.0
2024-04-07T22:00:00+05:30,1.08377,1.08377,1.08377,1.08377,0.0
2024-04-07T22:45:00+05:30,1.08377,1.08377,1.08377,1.08377,0.0
2024-04-07T23:30:00+05:30,1.08377,1.08377,1.08377,1.08377,0.0
2024-04-08T00:15:00+05:30,1.08377,1.08377,1.08377,1.08377,0.0
2024-04-08T01:00:00+05:30,1.08377,1.08377,1.08377,1.08377,0.0
2024-04-08T01:45:00+05:30,1.08377,1.08377,1.08377,1.08377,0.0
2024-04-08T02:30:00+05:30,1.08389,1.08403,1.08389,1.08399,3.0
2024-04-08T03:15:00+05:30,1.0839,1.08399,1.0837,1.08372,1584.0
2024-04-08T04:00:00+05:30,1.08372,1.08397,1.08285,1.083,1731.0
2024-04-08T04:45:00+05:30,1.08302,1.08332,1.08275,1.08326,3026.0
2024-04-08T05:30:00+05:30,1.08327,1.0833,1.08282,1.08287,2787.0
2024-04-08T06:15:00+05:30,1.08286,1.08286,1.08233,1.08246,5639.0
2024-04-08T07:00:00+05:30,1.08247,1.08311,1.08234,1.08308,8951.0
2024-04-08T07:45:00+05:30,1.08308,1.08392,1.08302,1.08392,5398.0
2024-04-08T08:30:00+05:30,1.0839,1.08434,1.08366,1.08405,3094.0
2024-04-08T09:15:00+05:30,1.08404,1.08418,1.08338,1.08339,2448.0
2024-04-08T10:00:00+05:30,1.0834,1.08356,1.08323,1.08323,1782.0
2024-04-08T10:45:00+05:30,1.08323,1.08353,1.08313,1.08346,2072.0
2024-04-08T11:30:00+05:30,1.08347,1.08375,1.08328,1.08365,4318.0
2024-04-08T12:15:00+05:30,1.08366,1.08378,1.08299,1.08323,6641.0
2024-04-08T13:00:00+05:30,1.08323,1.08364,1.08286,1.08294,7072.0
2024-04-08T13:45:00+05:30,1.08293,1.08379,1.08287,1.0834,9338.0
2024-04-08T14:30:00+05:30,1.08339,1.08339,1.08222,1.08224,6437.0
2024-04-08T15:15:00+05:30,1.08224,1.08299,1.0821,1.08298,5494.0
2024-04-08T16:00:00+05:30,1.08299,1.0834,1.0826,1.0834,4343.0
2024-04-08T16:45:00+05:30,1.08339,1.08343,1.08271,1.08275,4489.0
2024-04-08T17:30:00+05:30,1.08276,1.08295,1.08229,1.08233,4339.0
2024-04-08T18:15:00+05:30,1.08232,1.0833,1.08217,1.08303,5457.0
2024-04-08T19:00:00+05:30,1.08305,1.08423,1.08305,1.08417,6267.0
2024-04-08T19:45:00+05:30,1.08418,1.08535,1.08417,1.08454,10960.0
2024-04-08T20:30:00+05:30,1.08453,1.08565,1.08436,1.08528,9594.0
2024-04-08T21:15:00+05:30,1.08528,1.0859,1.08513,1.08517,6781.0
2024-04-08T22:00:00+05:30,1.08517,1.08534,1.0847,1.08495,6324.0
2024-04-08T22:45:00+05:30,1.08494,1.08536,1.08483,1.08531,4280.0
2024-04-08T23:30:00+05:30,1.08532,1.08594,1.08528,1.08589,3703.0
2024-04-09T00:15:00+05:30,1.08589,1.08623,1.08569,1.08601,2769.0
2024-04-09T01:00:00+05:30,1.08602,1.08607,1.08558,1.08582,5181.0
2024-04-09T01:45:00+05:30,1.08583,1.08585,1.08562,1.08583,5183.0
2024-04-09T02:30:00+05:30,1.08582,1.08603,1.08578,1.08603,3347.0
2024-04-09T03:15:00+05:30,1.0861,1.08637,1.08576,1.08601,9866.0
2024-04-09T04:00:00+05:30,1.08601,1.08612,1.08596,1.08603,1675.0
2024-04-09T04:45:00+05:30,1.08601,1.08621,1.08601,1.08611,1143.0
2024-04-09T05:30:00+05:30,1.08611,1.08635,1.08611,1.08621,2565.0
2024-04-09T06:15:00+05:30,1.08621,1.08637,1.08587,1.08603,3260.0
2024-04-09T07:00:00+05:30,1.08604,1.08608,1.08571,1.08606,3465.0
2024-04-09T07:45:00+05:30,1.08606,1.08622,1.08579,1.08606,5647.0
2024-04-09T08:30:00+05:30,1.08606,1.08624,1.08559,1.0857,2851.0
2024-04-09T09:15:00+05:30,1.08571,1.08577,1.08544,1.08545,3224.0
2024-04-09T10:00:00+05:30,1.08545,1.0858,1.08542,1.08578,1430.0
2024-04-09T10:45:00+05:30,1.08579,1.08586,1.08563,1.08585,1379.0
2024-04-09T11:30:00+05:30,1.08584,1.08597,1.08561,1.08597,1645.0
2024-04-09T12:15:00+05:30,1.08597,1.08628,1.08545,1.08556,3129.0
2024-04-09T13:00:00+05:30,1.08556,1.08603,1.08513,1.08554,4847.0
2024-04-09T13:45:00+05:30,1.08555,1.08592,1.08493,1.08549,4644.0
2024-04-09T14:30:00+05:30,1.08549,1.08588,1.0853,1.08575,3905.0
2024-04-09T15:15:00+05:30,1.08576,1.08659,1.08565,1.08651,5416.0
2024-04-09T16:00:00+05:30,1.08649,1.08701,1.08627,1.08684,4810.0
2024-04-09T16:45:00+05:30,1.08683,1.0873,1.08671,1.08687,4021.0
2024-04-09T17:30:00+05:30,1.08686,1.08714,1.08594,1.08612,3094.0
2024-04-09T18:15:00+05:30,1.08612,1.08787,1.08604,1.08783,8468.0
2024-04-09T19:00:00+05:30,1.08784,1.08841,1.08762,1.08833,7124.0
2024-04-09T19:45:00+05:30,1.08833,1.08852,1.08766,1.08798,8594.0
2024-04-09T20:30:00+05:30,1.08799,1.08809,1.08533,1.08573,11028.0
2024-04-09T21:15:00+05:30,1.08574,1.08586,1.08524,1.08582,12394.0
2024-04-09T22:00:00+05:30,1.08581,1.08592,1.0855,1.08573,4375.0
2024-04-09T22:45:00+05:30,1.08572,1.08602,1.08514,1.08517,3910.0
2024-04-09T23:30:00+05:30,1.08517,1.08556,1.08508,1.08512,2601.0
2024-04-10T00:15:00+05:30,1.08512,1.08549,1.08502,1.0852,2220.0
2024-04-10T01:00:00+05:30,1.08521,1.08559,1.08478,1.08558,3277.0
2024-04-10T01:45:00+05:30,1.08559,1.0859,1.08543,1.08589,3390.0
2024-04-10T02:30:00+05:30,1.08588,1.08595,1.08567,1.08594,3502.0
2024-04-10T03:15:00+05:30,1.0859,1.08594,1.08558,1.08575,10898.0
2024-04-10T04:00:00+05:30,1.08569,1.08603,1.08568,1.08582,1845.0
2024-04-10T04:45:00+05:30,1.08583,1.08591,1.08582,1.0859,1133.0
2024-04-10T05:30:00+05:30,1.08589,1.08599,1.08579,1.08588,2078.0
2024-04-10T06:15:00+05:30,1.08588,1.08588,1.08553,1.08554,3085.0
2024-04-10T07:00:00+05:30,1.08555,1.08591,1.08535,1.08539,4420.0
2024-04-10T07:45:00+05:30,1.0854,1.08557,1.08516,1.08527,5335.0
2024-04-10T08:30:00+05:30,1.08528,1.08551,1.0851,1.08535,4570.0
2024-04-10T09:15:00+05:30,1.08534,1.08546,1.08522,1.08543,5025.0
2024-04-10T10:00:00+05:30,1.08543,1.08545,1.08506,1.08516,2358.0
2024-04-10T10:45:00+05:30,1.08515,1.08557,1.08515,1.08557,2510.0
2024-04-10T11:30:00+05:30,1.08558,1.08558,1.08513,1.08515,3241.0
2024-04-10T12:15:00+05:30,1.08515,1.08534,1.08479,1.08534,4080.0
2024-04-10T13:00:00+05:30,1.08533,1.08566,1.0851,1.08565,5458.0
2024-04-10T13:45:00+05:30,1.08564,1.08572,1.08514,1.08566,6142.0
2024-04-10T14:30:00+05:30,1.08567,1.08619,1.08535,1.08618,4399.0
2024-04-10T15:15:00+05:30,1.0862,1.0863,1.08568,1.08617,3495.0
2024-04-10T16:00:00+05:30,1.08618,1.0866,1.08605,1.08654,5407.0
2024-04-10T16:45:00+05:30,1.08651,1.0866,1.08621,1.08641,3827.0
2024-04-10T17:30:00+05:30,1.08641,1.08666,1.0855,1.08561,4369.0
2024-04-10T18:15:00+05:30,1.08561,1.0865,1.07788,1.07854,25002.0
2024-04-10T19:00:00+05:30,1.07855,1.07983,1.07632,1.07706,41486.0
2024-04-10T19:45:00+05:30,1.07705,1.07714,1.07459,1.07545,32428.0
2024-04-10T20:30:00+05:30,1.07546,1.07673,1.07489,1.07534,19596.0
2024-04-10T21:15:00+05:30,1.07534,1.07544,1.07365,1.0737,9208.0
2024-04-10T22:00:00+05:30,1.07372,1.0739,1.07292,1.07293,6286.0
2024-04-10T22:45:00+05:30,1.07293,1.07381,1.07289,1.07352,9335.0
2024-04-10T23:30:00+05:30,1.07351,1.07546,1.07351,1.07514,13662.0
2024-04-11T00:15:00+05:30,1.07515,1.07543,1.07393,1.07445,8363.0
2024-04-11T01:00:00+05:30,1.07444,1.0745,1.07353,1.0742,5992.0
2024-04-11T01:45:00+05:30,1.07419,1.07456,1.07402,1.07444,3708.0
2024-04-11T02:30:00+05:30,1.07444,1.07458,1.07415,1.07435,1346.0
2024-04-11T03:15:00+05:30,1.07435,1.07458,1.07416,1.07437,3350.0
2024-04-11T04:00:00+05:30,1.07437,1.07449,1.07404,1.07422,2406.0
2024-04-11T04:45:00+05:30,1.07421,1.07441,1.07419,1.07431,1115.0
2024-04-11T05:30:00+05:30,1.07431,1.0745,1.07385,1.07397,1081.0
2024-04-11T06:15:00+05:30,1.07397,1.07461,1.07385,1.07427,3385.0
2024-04-11T07:00:00+05:30,1.07429,1.07459,1.07413,1.07435,2659.0
2024-04-11T07:45:00+05:30,1.07435,1.07471,1.07434,1.07458,4878.0
2024-04-11T08:30:00+05:30,1.07457,1.07471,1.07445,1.07456,3416.0
2024-04-11T09:15:00+05:30,1.07457,1.07491,1.07447,1.07468,2187.0
2024-04-11T10:00:00+05:30,1.0747,1.0747,1.07447,1.07467,1691.0
2024-04-11T10:45:00+05:30,1.07466,1.07473,1.07442,1.07458,1523.0
2024-04-11T11:30:00+05:30,1.07458,1.07468,1.07415,1.07417,5250.0
2024-04-11T12:15:00+05:30,1.07418,1.07418,1.07348,1.07362,8383.0
2024-04-11T13:00:00+05:30,1.07362,1.07449,1.07268,1.07409,9706.0
2024-04-11T13:45:00+05:30,1.0741,1.07496,1.07344,1.07464,12063.0
2024-04-11T14:30:00+05:30,1.07464,1.075,1.07384,1.07392,6446.0
2024-04-11T15:15:00+05:30,1.07393,1.07407,1.07316,1.0732,4305.0
2024-04-11T16:00:00+05:30,1.0732,1.07337,1.07263,1.07332,4164.0
2024-04-11T16:45:00+05:30,1.0733,1.07338,1.07265,1.07297,3611.0
2024-04-11T17:30:00+05:30,1.07298,1.07343,1.07257,1.07286,4758.0
2024-04-11T18:15:00+05:30,1.07286,1.0747,1.07154,1.07331,24130.0
2024-04-11T19:00:00+05:30,1.07333,1.07567,1.07282,1.07544,26277.0
2024-04-11T19:45:00+05:30,1.07543,1.07546,1.07243,1.07244,17333.0
2024-04-11T20:30:00+05:30,1.07244,1.07248,1.06994,1.07057,10384.0
2024-04-11T21:15:00+05:30,1.07058,1.07168,1.07022,1.0716,9250.0
2024-04-11T22:00:00+05:30,1.0716,1.07229,1.07137,1.07177,8304.0
2024-04-11T22:45:00+05:30,1.07177,1.07252,1.07153,1.07236,6662.0
2024-04-11T23:30:00+05:30,1.07234,1.07299,1.07214,1.07271,5493.0
2024-04-12T00:15:00+05:30,1.07272,1.07346,1.07272,1.073,4028.0
2024-04-12T01:00:00+05:30,1.073,1.07305,1.07252,1.07287,3813.0
2024-04-12T01:45:00+05:30,1.07288,1.07323,1.07267,1.07267,4608.0
2024-04-12T02:30:00+05:30,1.07269,1.0727,1.07258,1.07269,1009.0
2024-04-12T03:15:00+05:30,1.07288,1.07299,1.07269,1.07278,572.0
2024-04-12T04:00:00+05:30,1.07282,1.07295,1.07264,1.07287,452.0
2024-04-12T04:45:00+05:30,1.07286,1.0729,1.07265,1.07266,312.0
2024-04-12T05:30:00+05:30,1.07266,1.07275,1.0724,1.07247,754.0
2024-04-12T06:15:00+05:30,1.07246,1.07276,1.07226,1.07249,2680.0
2024-04-12T07:00:00+05:30,1.07248,1.07284,1.07231,1.07252,2681.0
2024-04-12T07:45:00+05:30,1.07253,1.07283,1.07235,1.07254,2504.0
2024-04-12T08:30:00+05:30,1.07253,1.07278,1.07243,1.07269,4788.0
2024-04-12T09:15:00+05:30,1.07268,1.07269,1.07181,1.07182,2308.0
2024-04-12T10:00:00+05:30,1.07181,1.07182,1.0715,1.0715,1341.0
2024-04-12T10:45:00+05:30,1.07151,1.07151,1.07109,1.07122,1741.0
2024-04-12T11:30:00+05:30,1.07123,1.07142,1.07084,1.07085,1639.0
2024-04-12T12:15:00+05:30,1.07084,1.071,1.0684,1.06844,6070.0
2024-04-12T13:00:00+05:30,1.06843,1.06875,1.06743,1.06775,8903.0
2024-04-12T13:45:00+05:30,1.0677,1.06854,1.06758,1.06781,10399.0
2024-04-12T14:30:00+05:30,1.0678,1.06836,1.06685,1.06697,5480.0
2024-04-12T15:15:00+05:30,1.06698,1.0675,1.06552,1.06555,8339.0
2024-04-12T16:00:00+05:30,1.06554,1.06624,1.06508,1.06542,5716.0
2024-04-12T16:45:00+05:30,1.0654,1.06555,1.06441,1.0653,7783.0
2024-04-12T17:30:00+05:30,1.06527,1.06594,1.06493,1.06515,9526.0
2024-04-12T18:15:00+05:30,1.06516,1.06557,1.06352,1.06383,8149.0
2024-04-12T19:00:00+05:30,1.06382,1.06409,1.06311,1.06323,14743.0
2024-04-12T19:45:00+05:30,1.06324,1.06464,1.06259,1.0626,16582.0
2024-04-12T20:30:00+05:30,1.06264,1.06352,1.06228,1.063,12351.0
2024-04-12T21:15:00+05:30,1.063,1.06471,1.063,1.06455,12962.0
2024-04-12T22:00:00+05:30,1.06455,1.06511,1.064,1.06415,6762.0
2024-04-12T22:45:00+05:30,1.06414,1.06471,1.06378,1.06461,5806.0
2024-04-12T23:30:00+05:30,1.06461,1.06499,1.06406,1.06468,5823.0
2024-04-13T00:15:00+05:30,1.06468,1.06506,1.06404,1.06406,4745.0
2024-04-13T01:00:00+05:30,1.06406,1.0642,1.06373,1.06411,3128.0
2024-04-13T01:45:00+05:30,1.0641,1.06445,1.06373,1.06438,3333.0
2024-04-13T02:30:00+05:30,1.06438,1.06491,1.06398,1.06442,3269.0
2024-04-13T03:15:00+05:30,1.06442,1.06442,1.06442,1.06442,0.0
2024-04-13T04:00:00+05:30,1.06442,1.06442,1.06442,1.06442,0.0
2024-04-13T04:45:00+05:30,1.06442,1.06442,1.06442,1.06442,0.0
2024-04-13T05:30:00+05:30,1.06442,1.06442,1.06442,1.06442,0.0
2024-04-13T06:15:00+05:30,1.06442,1.06442,1.06442,1.06442,0.0
2024-04-13T07:00:00+05:30,1.06442,1.06442,1.06442,1.06442,0.0
2024-04-13T07:45:00+05:30,1.06442,1.06442,1.06442,1.06442,0.0
2024-04-13T08:30:00+05:30,1.06442,1.06442,1.06442,1.06442,0.0
2024-04-13T09:15:00+05:30,1.06442,1.06442,1.06442,1.06442,0.0
2024-04-13T10:00:00+05:30,1.06442,1.06442,1.06442,1.06442,0.0
2024-04-13T10:45:00+05:30,1.06442,1.06442,1.06442,1.06442,0.0
2024-04-13T11:30:00+05:30,1.06442,1.06442,1.06442,1.06442,0.0
2024-04-13T12:15:00+05:30,1.06442,1.06442,1.06442,1.06442,0.0
2024-04-13T13:00:00+05:30,1.06442,1.06442,1.06442,1.06442,0.0
2024-04-13T13:45:00+05:30,1.06442,1.06442,1.06442,1.06442,0.0
2024-04-13T14:30:00+05:30,1.06442,1.06442,1.06442,1.06442,0.0
2024-04-13T15:15:00+05:30,1.06442,1.06442,1.06442,1.06442,0.0
2024-04-13T16:00:00+05:30,1.06442,1.06442,1.06442,1.06442,0.0
2024-04-13T16:45:00+05:30,1.06442,1.06442,1.06442,1.06442,0.0
2024-04-13T17:30:00+05:30,1.06442,1.06442,1.06442,1.06442,0.0
2024-04-13T18:15:00+05:30,1.06442,1.06442,1.06442,1.06442,0.0
2024-04-13T19:00:00+05:30,1.06442,1.06442,1.06442,1.06442,0.0
2024-04-13T19:45:00+05:30,1.06442,1.06442,1.06442,1.06442,0.0
2024-04-13T20:30:00+05:30,1.06442,1.06442,1.06442,1.06442,0.0
2024-04-13T21:15:00+05:30,1.06442,1.06442,1.06442,1.06442,0.0
2024-04-13T22:00:00+05:30,1.06442,1.06442,1.06442,1.06442,0.0
2024-04-13T22:45:00+05:30,1.06442,1.06442,1.06442,1.06442,0.0
2024-04-13T23:30:00+05:30,1.06442,1.06442,1.06442,1.06442,0.0
2024-04-14T00:15:00+05:30,1.06442,1.06442,1.06442,1.06442,0.0
2024-04-14T01:00:00+05:30,1.06442,1.06442,1.06442,1.06442,0.0
2024-04-14T01:45:00+05:30,1.06442,1.06442,1.06442,1.06442,0.0
2024-04-14T02:30:00+05:30,1.06442,1.06442,1.06442,1.06442,0.0
2024-04-14T03:15:00+05:30,1.06442,1.06442,1.06442,1.06442,0.0
2024-04-14T04:00:00+05:30,1.06442,1.06442,1.06442,1.06442,0.0
2024-04-14T04:45:00+05:30,1.06442,1.06442,1.06442,1.06442,0.0
2024-04-14T05:30:00+05:30,1.06442,1.06442,1.06442,1.06442,0.0
2024-04-14T06:15:00+05:30,1.06442,1.06442,1.06442,1.06442,0.0
2024-04-14T07:00:00+05:30,1.06442,1.06442,1.06442,1.06442,0.0
2024-04-14T07:45:00+05:30,1.06442,1.06442,1.06442,1.06442,0.0
2024-04-14T08:30:00+05:30,1.06442,1.06442,1.06442,1.06442,0.0
2024-04-14T09:15:00+05:30,1.06442,1.06442,1.06442,1.06442,0.0
2024-04-14T10:00:00+05:30,1.06442,1.06442,1.06442,1.06442,0.0
2024-04-14T10:45:00+05:30,1.06442,1.06442,1.06442,1.06442,0.0
2024-04-14T11:30:00+05:30,1.06442,1.06442,1.06442,1.06442,0.0
2024-04-14T12:15:00+05:30,1.06442,1.06442,1.06442,1.06442,0.0
2024-04-14T13:00:00+05:30,1.06442,1.06442,1.06442,1.06442,0.0
2024-04-14T13:45:00+05:30,1.06442,1.06442,1.06442,1.06442,0.0
2024-04-14T14:30:00+05:30,1.06442,1.06442,1.06442,1.06442,0.0
2024-04-14T15:15:00+05:30,1.06442,1.06442,1.06442,1.06442,0.0
2024-04-14T16:00:00+05:30,1.06442,1.06442,1.06442,1.06442,0.0
2024-04-14T16:45:00+05:30,1.06442,1.06442,1.06442,1.06442,0.0
2024-04-14T17:30:00+05:30,1.06442,1.06442,1.06442,1.06442,0.0
2024-04-14T18:15:00+05:30,1.06442,1.06442,1.06442,1.06442,0.0
2024-04-14T19:00:00+05:30,1.06442,1.06442,1.06442,1.06442,0.0
2024-04-14T19:45:00+05:30,1.06442,1.06442,1.06442,1.06442,0.0
2024-04-14T20:30:00+05:30,1.06442,1.06442,1.06442,1.06442,0.0
2024-04-14T21:15:00+05:30,1.06442,1.06442,1.06442,1.06442,0.0
2024-04-14T22:00:00+05:30,1.06442,1.06442,1.06442,1.06442,0.0
2024-04-14T22:45:00+05:30,1.06442,1.06442,1.06442,1.06442,0.0
2024-04-14T23:30:00+05:30,1.06442,1.06442,1.06442,1.06442,0.0
2024-04-15T00:15:00+05:30,1.06442,1.06442,1.06442,1.06442,0.0
2024-04-15T01:00:00+05:30,1.06442,1.06442,1.06442,1.06442,0.0
2024-04-15T01:45:00+05:30,1.06442,1.06442,1.06442,1.06442,0.0
2024-04-15T02:30:00+05:30,1.064,1.064,1.06381,1.06381,9.0
2024-04-15T03:15:00+05:30,1.06384,1.06401,1.06358,1.06373,1595.0
2024-04-15T04:00:00+05:30,1.06372,1.06494,1.06357,1.06493,4320.0
2024-04-15T04:45:00+05:30,1.06492,1.06519,1.06436,1.0645,2679.0
2024-04-15T05:30:00+05:30,1.06451,1.06502,1.0645,1.06475,3563.0
2024-04-15T06:15:00+05:30,1.06474,1.06499,1.06435,1.06477,5342.0
2024-04-15T07:00:00+05:30,1.06476,1.06497,1.06393,1.06497,3106.0
2024-04-15T07:45:00+05:30,1.06497,1.0655,1.06461,1.06533,2923.0
2024-04-15T08:30:00+05:30,1.06535,1.06538,1.06491,1.06507,1785.0
2024-04-15T09:15:00+05:30,1.06506,1.06538,1.06476,1.06532,1534.0
2024-04-15T10:00:00+05:30,1.06531,1.06539,1.06472,1.06489,2200.0
2024-04-15T10:45:00+05:30,1.0649,1.06542,1.06479,1.06524,2699.0
2024-04-15T11:30:00+05:30,1.06523,1.06591,1.06509,1.06569,3355.0
2024-04-15T12:15:00+05:30,1.0657,1.06651,1.06519,1.06519,8035.0
2024-04-15T13:00:00+05:30,1.06518,1.06603,1.06501,1.06598,10792.0
2024-04-15T13:45:00+05:30,1.06596,1.06618,1.06535,1.06596,8243.0
2024-04-15T14:30:00+05:30,1.06597,1.0662,1.0654,1.06575,5286.0
2024-04-15T15:15:00+05:30,1.06576,1.06627,1.06563,1.06584,4099.0
2024-04-15T16:00:00+05:30,1.06585,1.066,1.06537,1.0656,4592.0
2024-04-15T16:45:00+05:30,1.0656,1.06654,1.06517,1.06632,4660.0
2024-04-15T17:30:00+05:30,1.0663,1.06644,1.06518,1.06563,4323.0
2024-04-15T18:15:00+05:30,1.06563,1.06576,1.06312,1.06406,13420.0
2024-04-15T19:00:00+05:30,1.06407,1.06609,1.0636,1.06443,15125.0
2024-04-15T19:45:00+05:30,1.06442,1.06469,1.06259,1.06316,10381.0
2024-04-15T20:30:00+05:30,1.06316,1.06362,1.0622,1.06258,15348.0
2024-04-15T21:15:00+05:30,1.06258,1.06401,1.06227,1.06398,9284.0
2024-04-15T22:00:00+05:30,1.06395,1.06476,1.06374,1.06375,4709.0
2024-04-15T22:45:00+05:30,1.06375,1.06396,1.06339,1.0635,3376.0
2024-04-15T23:30:00+05:30,1.06351,1.06354,1.06233,1.06288,6203.0
2024-04-16T00:15:00+05:30,1.06287,1.06317,1.06255,1.06261,3940.0
2024-04-16T01:00:00+05:30,1.06261,1.06266,1.06205,1.06241,3646.0
2024-04-16T01:45:00+05:30,1.0624,1.06273,1.06235,1.06252,2967.0
2024-04-16T02:30:00+05:30,1.06252,1.06261,1.0621,1.06249,1808.0
2024-04-16T03:15:00+05:30,1.0627,1.06271,1.06236,1.06257,1368.0
2024-04-16T04:00:00+05:30,1.06258,1.06276,1.06243,1.0627,1436.0
2024-04-16T04:45:00+05:30,1.0627,1.06286,1.06265,1.06271,1140.0
2024-04-16T05:30:00+05:30,1.06269,1.06282,1.06222,1.06224,1383.0
2024-04-16T06:15:00+05:30,1.06226,1.06257,1.06182,1.06214,2975.0
2024-04-16T07:00:00+05:30,1.06213,1.06218,1.06073,1.06108,5773.0
2024-04-16T07:45:00+05:30,1.06106,1.06179,1.06101,1.06112,4079.0
2024-04-16T08:30:00+05:30,1.0611,1.06152,1.06063,1.061,3419.0
2024-04-16T09:15:00+05:30,1.06101,1.06126,1.06072,1.06105,1945.0
2024-04-16T10:00:00+05:30,1.06105,1.06132,1.06093,1.06116,1120.0
2024-04-16T10:45:00+05:30,1.06116,1.0616,1.06102,1.06156,1681.0
2024-04-16T11:30:00+05:30,1.06155,1.06207,1.06154,1.06201,2492.0
2024-04-16T12:15:00+05:30,1.06199,1.06199,1.06025,1.06098,6117.0
2024-04-16T13:00:00+05:30,1.061,1.06229,1.06087,1.06159,10152.0
2024-04-16T13:45:00+05:30,1.06158,1.06249,1.06117,1.06202,11648.0
2024-04-16T14:30:00+05:30,1.06202,1.06228,1.06127,1.06217,8582.0
2024-04-16T15:15:00+05:30,1.06217,1.06351,1.06168,1.0627,10307.0
2024-04-16T16:00:00+05:30,1.06271,1.06325,1.06249,1.06258,4791.0
2024-04-16T16:45:00+05:30,1.06258,1.06313,1.06233,1.06312,5678.0
2024-04-16T17:30:00+05:30,1.06313,1.06474,1.06298,1.06417,7006.0
2024-04-16T18:15:00+05:30,1.06418,1.06537,1.06361,1.06472,10297.0
2024-04-16T19:00:00+05:30,1.06469,1.06476,1.06281,1.06328,12518.0
2024-04-16T19:45:00+05:30,1.06329,1.0645,1.06277,1.06438,19865.0
2024-04-16T20:30:00+05:30,1.06437,1.0645,1.06284,1.06318,14047.0
2024-04-16T21:15:00+05:30,1.06318,1.06395,1.0622,1.0622,10659.0
2024-04-16T22:00:00+05:30,1.06222,1.06317,1.06217,1.06229,10401.0
2024-04-16T22:45:00+05:30,1.06229,1.06283,1.06189,1.06208,6479.0
2024-04-16T23:30:00+05:30,1.06209,1.06229,1.06013,1.06176,15412.0
2024-04-17T00:15:00+05:30,1.06174,1.06339,1.06162,1.06267,16845.0
2024-04-17T01:00:00+05:30,1.06268,1.06352,1.0624,1.06253,7251.0
2024-04-17T01:45:00+05:30,1.06252,1.06253,1.06177,1.06206,5672.0
2024-04-17T02:30:00+05:30,1.06207,1.06209,1.06167,1.06197,1268.0
2024-04-17T03:15:00+05:30,1.06217,1.06313,1.06161,1.06173,2729.0
2024-04-17T04:00:00+05:30,1.06173,1.06206,1.06128,1.06163,2211.0
2024-04-17T04:45:00+05:30,1.06164,1.06226,1.06137,1.06226,1796.0
2024-04-17T05:30:00+05:30,1.06225,1.06254,1.06202,1.06212,3534.0
2024-04-17T06:15:00+05:30,1.06213,1.06241,1.06173,1.06196,4572.0
2024-04-17T07:00:00+05:30,1.06194,1.06287,1.06194,1.06272,4614.0
2024-04-17T07:45:00+05:30,1.06274,1.06313,1.06245,1.06306,4520.0
2024-04-17T08:30:00+05:30,1.06305,1.06358,1.06299,1.06332,4033.0
2024-04-17T09:15:00+05:30,1.06332,1.06346,1.06291,1.06292,2229.0
2024-04-17T10:00:00+05:30,1.06293,1.06313,1.06269,1.063,2171.0
2024-04-17T10:45:00+05:30,1.063,1.063,1.06199,1.06204,1554.0
2024-04-17T11:30:00+05:30,1.06204,1.06204,1.06099,1.06109,3036.0
2024-04-17T12:15:00+05:30,1.06109,1.06292,1.06061,1.06251,9872.0
2024-04-17T13:00:00+05:30,1.06252,1.0638,1.06243,1.06289,8413.0
2024-04-17T13:45:00+05:30,1.06287,1.06344,1.06241,1.06301,8638.0
2024-04-17T14:30:00+05:30,1.06302,1.0649,1.06296,1.06374,11536.0
2024-04-17T15:15:00+05:30,1.06375,1.06488,1.06355,1.06444,9623.0
2024-04-17T16:00:00+05:30,1.06444,1.0647,1.06394,1.06424,6105.0
2024-04-17T16:45:00+05:30,1.06423,1.06492,1.06382,1.06461,5244.0
2024-04-17T17:30:00+05:30,1.06462,1.06479,1.06323,1.0638,5695.0
2024-04-17T18:15:00+05:30,1.0638,1.06429,1.06317,1.06358,9936.0
2024-04-17T19:00:00+05:30,1.06357,1.06469,1.0633,1.06454,10285.0
2024-04-17T19:45:00+05:30,1.06453,1.06529,1.06401,1.0641,11654.0
2024-04-17T20:30:00+05:30,1.06411,1.0643,1.06301,1.0637,9398.0
2024-04-17T21:15:00+05:30,1.0637,1.06462,1.06364,1.06433,10255.0
2024-04-17T22:00:00+05:30,1.06433,1.06528,1.06361,1.06519,8349.0
2024-04-17T22:45:00+05:30,1.06518,1.06572,1.06481,1.06538,9658.0
2024-04-17T23:30:00+05:30,1.06539,1.06691,1.06527,1.0669,8139.0
2024-04-18T00:15:00+05:30,1.0669,1.06791,1.0669,1.06787,8713.0
2024-04-18T01:00:00+05:30,1.06786,1.06797,1.06645,1.06676,9233.0
2024-04-18T01:45:00+05:30,1.06673,1.06726,1.06661,1.06711,5629.0
2024-04-18T02:30:00+05:30,1.0671,1.06743,1.06708,1.06741,2259.0
2024-04-18T03:15:00+05:30,1.06733,1.06736,1.06709,1.06717,1866.0
2024-04-18T04:00:00+05:30,1.06718,1.06758,1.06711,1.0673,1510.0
2024-04-18T04:45:00+05:30,1.0673,1.06739,1.0672,1.06724,750.0
2024-04-18T05:30:00+05:30,1.06723,1.06739,1.06681,1.06682,1016.0
2024-04-18T06:15:00+05:30,1.06683,1.06689,1.06646,1.06681,2204.0
2024-04-18T07:00:00+05:30,1.06681,1.06741,1.06662,1.06676,3618.0
2024-04-18T07:45:00+05:30,1.06676,1.06762,1.06646,1.06742,4455.0
2024-04-18T08:30:00+05:30,1.06741,1.06792,1.06717,1.06781,7356.0
2024-04-18T09:15:00+05:30,1.0678,1.06792,1.06755,1.0679,2906.0
2024-04-18T10:00:00+05:30,1.0679,1.06804,1.06767,1.06797,2283.0
2024-04-18T10:45:00+05:30,1.06798,1.068,1.06755,1.06755,1844.0
2024-04-18T11:30:00+05:30,1.06754,1.06841,1.06751,1.0682,3740.0
2024-04-18T12:15:00+05:30,1.06821,1.06901,1.06821,1.06866,4598.0
2024-04-18T13:00:00+05:30,1.06866,1.06883,1.06797,1.06848,6321.0
2024-04-18T13:45:00+05:30,1.06848,1.06882,1.06773,1.06792,7524.0
2024-04-18T14:30:00+05:30,1.06792,1.06824,1.06749,1.06782,5444.0
2024-04-18T15:15:00+05:30,1.06784,1.06815,1.0671,1.06717,4211.0
2024-04-18T16:00:00+05:30,1.06716,1.06754,1.067,1.06708,3989.0
2024-04-18T16:45:00+05:30,1.0671,1.06792,1.06703,1.06766,4787.0
2024-04-18T17:30:00+05:30,1.06767,1.0679,1.06702,1.06785,4844.0
2024-04-18T18:15:00+05:30,1.06784,1.06798,1.06599,1.06638,12256.0
2024-04-18T19:00:00+05:30,1.06636,1.06687,1.06571,1.06598,16929.0
2024-04-18T19:45:00+05:30,1.06597,1.06656,1.06466,1.06564,14006.0
2024-04-18T20:30:00+05:30,1.06565,1.06634,1.06522,1.06561,12716.0
2024-04-18T21:15:00+05:30,1.06562,1.06649,1.0654,1.06541,6218.0
2024-04-18T22:00:00+05:30,1.06541,1.06619,1.06541,1.06581,4880.0
2024-04-18T22:45:00+05:30,1.06583,1.06598,1.06474,1.06482,3464.0
2024-04-18T23:30:00+05:30,1.06479,1.0651,1.06431,1.06484,5678.0
2024-04-19T00:15:00+05:30,1.06484,1.06495,1.06421,1.06469,4221.0
2024-04-19T01:00:00+05:30,1.0647,1.06487,1.06427,1.06442,4404.0
2024-04-19T01:45:00+05:30,1.06443,1.0647,1.06432,1.06459,2815.0
2024-04-19T02:30:00+05:30,1.06458,1.06459,1.06415,1.06444,1746.0
2024-04-19T03:15:00+05:30,1.06444,1.0646,1.06438,1.06443,1892.0
2024-04-19T04:00:00+05:30,1.06444,1.06447,1.0643,1.06435,1213.0
2024-04-19T04:45:00+05:30,1.06434,1.06434,1.06405,1.06408,352.0
2024-04-19T05:30:00+05:30,1.06408,1.06441,1.06403,1.0642,2107.0
2024-04-19T06:15:00+05:30,1.0642,1.06436,1.06362,1.06386,3568.0
2024-04-19T07:00:00+05:30,1.06385,1.06448,1.06259,1.06263,8814.0
2024-04-19T07:45:00+05:30,1.06263,1.06282,1.06108,1.06143,14968.0
2024-04-19T08:30:00+05:30,1.06144,1.06241,1.06107,1.06161,12809.0
2024-04-19T09:15:00+05:30,1.0616,1.06407,1.0616,1.06366,14115.0
2024-04-19T10:00:00+05:30,1.06366,1.06434,1.06339,1.06381,5772.0
2024-04-19T10:45:00+05:30,1.06382,1.0641,1.06338,1.06344,3241.0
2024-04-19T11:30:00+05:30,1.06344,1.0635,1.06287,1.06289,3968.0
2024-04-19T12:15:00+05:30,1.06289,1.06423,1.06273,1.06419,9077.0
2024-04-19T13:00:00+05:30,1.06419,1.0654,1.06415,1.06487,14257.0
2024-04-19T13:45:00+05:30,1.06486,1.06595,1.0647,1.06491,12735.0
2024-04-19T14:30:00+05:30,1.0649,1.06517,1.06433,1.0648,7877.0
2024-04-19T15:15:00+05:30,1.06482,1.06612,1.06472,1.06593,9054.0
2024-04-19T16:00:00+05:30,1.06592,1.06623,1.06476,1.06558,6608.0
2024-04-19T16:45:00+05:30,1.06559,1.06592,1.06432,1.06459,6160.0
2024-04-19T17:30:00+05:30,1.06459,1.06554,1.06453,1.06539,5948.0
2024-04-19T18:15:00+05:30,1.06538,1.06735,1.06497,1.06722,11658.0
2024-04-19T19:00:00+05:30,1.06724,1.06739,1.06589,1.06684,9153.0
2024-04-19T19:45:00+05:30,1.06683,1.06757,1.06641,1.06686,16047.0
2024-04-19T20:30:00+05:30,1.06687,1.06777,1.06639,1.06693,10639.0
2024-04-19T21:15:00+05:30,1.06692,1.0672,1.06599,1.06615,6353.0
2024-04-19T22:00:00+05:30,1.06618,1.06624,1.06404,1.0643,7605.0
2024-04-19T22:45:00+05:30,1.0643,1.06581,1.06429,1.06563,8221.0
2024-04-19T23:30:00+05:30,1.06562,1.06586,1.06511,1.06528,5592.0
2024-04-20T00:15:00+05:30,1.06527,1.06558,1.06467,1.06488,5613.0
2024-04-20T01:00:00+05:30,1.06487,1.06536,1.06481,1.06528,6080.0
2024-04-20T01:45:00+05:30,1.06529,1.06555,1.06505,1.06543,5154.0
2024-04-20T02:30:00+05:30,1.06542,1.0658,1.06538,1.06578,2474.0
2024-04-20T03:15:00+05:30,1.06578,1.06578,1.06578,1.06578,0.0
2024-04-20T04:00:00+05:30,1.06578,1.06578,1.06578,1.06578,0.0
2024-04-20T04:45:00+05:30,1.06578,1.06578,1.06578,1.06578,0.0
2024-04-20T05:30:00+05:30,1.06578,1.06578,1.06578,1.06578,0.0
2024-04-20T06:15:00+05:30,1.06578,1.06578,1.06578,1.06578,0.0
2024-04-20T07:00:00+05:30,1.06578,1.06578,1.06578,1.06578,0.0
2024-04-20T07:45:00+05:30,1.06578,1.06578,1.06578,1.06578,0.0
2024-04-20T08:30:00+05:30,1.06578,1.06578,1.06578,1.06578,0.0
2024-04-20T09:15:00+05:30,1.06578,1.06578,1.06578,1.06578,0.0
2024-04-20T10:00:00+05:30,1.06578,1.06578,1.06578,1.06578,0.0
2024-04-20T10:45:00+05:30,1.06578,1.06578,1.06578,1.06578,0.0
2024-04-20T11:30:00+05:30,1.06578,1.06578,1.06578,1.06578,0.0
2024-04-20T12:15:00+05:30,1.06578,1.06578,1.06578,1.06578,0.0
2024-04-20T13:00:00+05:30,1.06578,1.06578,1.06578,1.06578,0.0
2024-04-20T13:45:00+05:30,1.06578,1.06578,1.06578,1.06578,0.0
2024-04-20T14:30:00+05:30,1.06578,1.06578,1.06578,1.06578,0.0
2024-04-20T15:15:00+05:30,1.06578,1.06578,1.06578,1.06578,0.0
2024-04-20T16:00:00+05:30,1.06578,1.06578,1.06578,1.06578,0.0
2024-04-20T16:45:00+05:30,1.06578,1.06578,1.06578,1.06578,0.0
2024-04-20T17:30:00+05:30,1.06578,1.06578,1.06578,1.06578,0.0
2024-04-20T18:15:00+05:30,1.06578,1.06578,1.06578,1.06578,0.0
2024-04-20T19:00:00+05:30,1.06578,1.06578,1.06578,1.06578,0.0
2024-04-20T19:45:00+05:30,1.06578,1.06578,1.06578,1.06578,0.0
2024-04-20T20:30:00+05:30,1.06578,1.06578,1.06578,1.06578,0.0
2024-04-20T21:15:00+05:30,1.06578,1.06578,1.06578,1.06578,0.0
2024-04-20T22:00:00+05:30,1.06578,1.06578,1.06578,1.06578,0.0
2024-04-20T22:45:00+05:30,1.06578,1.06578,1.06578,1.06578,0.0
2024-04-20T23:30:00+05:30,1.06578,1.06578,1.06578,1.06578,0.0
2024-04-21T00:15:00+05:30,1.06578,1.06578,1.06578,1.06578,0.0
2024-04-21T01:00:00+05:30,1.06578,1.06578,1.06578,1.06578,0.0
2024-04-21T01:45:00+05:30,1.06578,1.06578,1.06578,1.06578,0.0
2024-04-21T02:30:00+05:30,1.06578,1.06578,1.06578,1.06578,0.0
2024-04-21T03:15:00+05:30,1.06578,1.06578,1.06578,1.06578,0.0
2024-04-21T04:00:00+05:30,1.06578,1.06578,1.06578,1.06578,0.0
2024-04-21T04:45:00+05:30,1.06578,1.06578,1.06578,1.06578,0.0
2024-04-21T05:30:00+05:30,1.06578,1.06578,1.06578,1.06578,0.0
2024-04-21T06:15:00+05:30,1.06578,1.06578,1.06578,1.06578,0.0
2024-04-21T07:00:00+05:30,1.06578,1.06578,1.06578,1.06578,0.0
2024-04-21T07:45:00+05:30,1.06578,1.06578,1.06578,1.06578,0.0
2024-04-21T08:30:00+05:30,1.06578,1.06578,1.06578,1.06578,0.0
2024-04-21T09:15:00+05:30,1.06578,1.06578,1.06578,1.06578,0.0
2024-04-21T10:00:00+05:30,1.06578,1.06578,1.06578,1.06578,0.0
2024-04-21T10:45:00+05:30,1.06578,1.06578,1.06578,1.06578,0.0
2024-04-21T11:30:00+05:30,1.06578,1.06578,1.06578,1.06578,0.0
2024-04-21T12:15:00+05:30,1.06578,1.06578,1.06578,1.06578,0.0
2024-04-21T13:00:00+05:30,1.06578,1.06578,1.06578,1.06578,0.0
2024-04-21T13:45:00+05:30,1.06578,1.06578,1.06578,1.06578,0.0
2024-04-21T14:30:00+05:30,1.06578,1.06578,1.06578,1.06578,0.0
2024-04-21T15:15:00+05:30,1.06578,1.06578,1.06578,1.06578,0.0
2024-04-21T16:00:00+05:30,1.06578,1.06578,1.06578,1.06578,0.0
2024-04-21T16:45:00+05:30,1.06578,1.06578,1.06578,1.06578,0.0
2024-04-21T17:30:00+05:30,1.06578,1.06578,1.06578,1.06578,0.0
2024-04-21T18:15:00+05:30,1.06578,1.06578,1.06578,1.06578,0.0
2024-04-21T19:00:00+05:30,1.06578,1.06578,1.06578,1.06578,0.0
2024-04-21T19:45:00+05:30,1.06578,1.06578,1.06578,1.06578,0.0
2024-04-21T20:30:00+05:30,1.06578,1.06578,1.06578,1.06578,0.0
2024-04-21T21:15:00+05:30,1.06578,1.06578,1.06578,1.06578,0.0
2024-04-21T22:00:00+05:30,1.06578,1.06578,1.06578,1.06578,0.0
2024-04-21T22:45:00+05:30,1.06578,1.06578,1.06578,1.06578,0.0
2024-04-21T23:30:00+05:30,1.06578,1.06578,1.06578,1.06578,0.0
2024-04-22T00:15:00+05:30,1.06578,1.06578,1.06578,1.06578,0.0
2024-04-22T01:00:00+05:30,1.06578,1.06578,1.06578,1.06578,0.0
2024-04-22T01:45:00+05:30,1.06578,1.06578,1.06578,1.06578,0.0
2024-04-22T02:30:00+05:30,1.06577,1.06585,1.06577,1.06585,5.0
2024-04-22T03:15:00+05:30,1.06585,1.06651,1.06523,1.06592,708.0
2024-04-22T04:00:00+05:30,1.06602,1.0662,1.06549,1.06602,1878.0
2024-04-22T04:45:00+05:30,1.06602,1.06613,1.06588,1.06603,977.0
2024-04-22T05:30:00+05:30,1.06602,1.06606,1.06576,1.06579,1603.0
2024-04-22T06:15:00+05:30,1.0658,1.06651,1.06546,1.0657,3776.0
2024-04-22T07:00:00+05:30,1.06571,1.06678,1.06529,1.06657,5611.0
2024-04-22T07:45:00+05:30,1.06654,1.06703,1.06623,1.06677,2864.0
2024-04-22T08:30:00+05:30,1.06677,1.06708,1.06641,1.06643,994.0
2024-04-22T09:15:00+05:30,1.06642,1.06646,1.06606,1.06615,1745.0
2024-04-22T10:00:00+05:30,1.06614,1.06654,1.06606,1.06654,2258.0
2024-04-22T10:45:00+05:30,1.06652,1.06688,1.0664,1.0664,1459.0
2024-04-22T11:30:00+05:30,1.0664,1.06661,1.06621,1.06648,1793.0
2024-04-22T12:15:00+05:30,1.06647,1.06695,1.06609,1.06627,4210.0
2024-04-22T13:00:00+05:30,1.06626,1.0668,1.06555,1.06556,7308.0
2024-04-22T13:45:00+05:30,1.06556,1.06605,1.06514,1.06516,5308.0
2024-04-22T14:30:00+05:30,1.06515,1.06625,1.06475,1.06576,7471.0
2024-04-22T15:15:00+05:30,1.06577,1.06621,1.065,1.065,6044.0
2024-04-22T16:00:00+05:30,1.06498,1.06552,1.06476,1.06543,5042.0
2024-04-22T16:45:00+05:30,1.06542,1.06552,1.06438,1.06459,3088.0
2024-04-22T17:30:00+05:30,1.0646,1.06462,1.06331,1.0634,5577.0
2024-04-22T18:15:00+05:30,1.0634,1.06441,1.0631,1.06418,7133.0
2024-04-22T19:00:00+05:30,1.06416,1.06431,1.06263,1.0629,4464.0
2024-04-22T19:45:00+05:30,1.0629,1.06387,1.06241,1.06371,8344.0
2024-04-22T20:30:00+05:30,1.0637,1.06479,1.06368,1.06445,6577.0
2024-04-22T21:15:00+05:30,1.06444,1.06459,1.06408,1.06437,4096.0
2024-04-22T22:00:00+05:30,1.06437,1.0651,1.06428,1.06485,3004.0
2024-04-22T22:45:00+05:30,1.06485,1.06528,1.06463,1.06515,3302.0
2024-04-22T23:30:00+05:30,1.06516,1.06578,1.06516,1.06568,3970.0
2024-04-23T00:15:00+05:30,1.06569,1.06608,1.06543,1.06588,2851.0
2024-04-23T01:00:00+05:30,1.06587,1.06598,1.06513,1.06528,3830.0
2024-04-23T01:45:00+05:30,1.06529,1.06535,1.06506,1.06524,3520.0
2024-04-23T02:30:00+05:30,1.06523,1.0657,1.06521,1.06568,1844.0
2024-04-23T03:15:00+05:30,1.0657,1.0657,1.06519,1.06534,1138.0
2024-04-23T04:00:00+05:30,1.06534,1.06553,1.06522,1.06545,1315.0
2024-04-23T04:45:00+05:30,1.06544,1.06549,1.06526,1.06532,612.0
2024-04-23T05:30:00+05:30,1.06532,1.0656,1.06527,1.0656,1472.0
2024-04-23T06:15:00+05:30,1.06559,1.06577,1.06548,1.06575,2507.0
2024-04-23T07:00:00+05:30,1.06573,1.06606,1.0657,1.06581,3505.0
2024-04-23T07:45:00+05:30,1.0658,1.06593,1.06535,1.06586,2128.0
2024-04-23T08:30:00+05:30,1.06587,1.06608,1.06575,1.06587,1828.0
2024-04-23T09:15:00+05:30,1.06588,1.0659,1.06547,1.0656,2502.0
2024-04-23T10:00:00+05:30,1.0656,1.06584,1.06551,1.06569,1716.0
2024-04-23T10:45:00+05:30,1.06568,1.06568,1.06516,1.06533,1409.0
2024-04-23T11:30:00+05:30,1.06532,1.06543,1.06489,1.06489,2406.0
2024-04-23T12:15:00+05:30,1.06489,1.06491,1.06386,1.06449,3956.0
2024-04-23T13:00:00+05:30,1.06449,1.06953,1.06432,1.06928,11134.0
2024-04-23T13:45:00+05:30,1.06928,1.0695,1.06709,1.06787,11399.0
2024-04-23T14:30:00+05:30,1.06789,1.06833,1.06676,1.06676,7454.0
2024-04-23T15:15:00+05:30,1.06677,1.06684,1.06601,1.06616,5286.0
2024-04-23T16:00:00+05:30,1.06615,1.06629,1.06563,1.06587,5503.0
2024-04-23T16:45:00+05:30,1.06586,1.06646,1.06534,1.06644,6205.0
2024-04-23T17:30:00+05:30,1.06644,1.06781,1.06623,1.06747,9847.0
2024-04-23T18:15:00+05:30,1.06746,1.0677,1.06669,1.06673,7054.0
2024-04-23T19:00:00+05:30,1.06672,1.06724,1.06637,1.06658,4925.0
2024-04-23T19:45:00+05:30,1.0666,1.071,1.06601,1.06993,23890.0
2024-04-23T20:30:00+05:30,1.06994,1.07114,1.06959,1.0696,15279.0
2024-04-23T21:15:00+05:30,1.0696,1.07036,1.06901,1.06944,11048.0
2024-04-23T22:00:00+05:30,1.06944,1.07025,1.06914,1.07015,8093.0
2024-04-23T22:45:00+05:30,1.07014,1.07051,1.06981,1.07005,4718.0
2024-04-23T23:30:00+05:30,1.07005,1.07078,1.07001,1.07066,2832.0
2024-04-24T00:15:00+05:30,1.07066,1.07076,1.07038,1.07057,2287.0
2024-04-24T01:00:00+05:30,1.07057,1.07058,1.0702,1.07032,3519.0
2024-04-24T01:45:00+05:30,1.07031,1.07051,1.0701,1.07013,2505.0
2024-04-24T02:30:00+05:30,1.07014,1.0704,1.07003,1.0704,1315.0
2024-04-24T03:15:00+05:30,1.07054,1.07061,1.07012,1.0702,762.0
2024-04-24T04:00:00+05:30,1.07024,1.0705,1.07011,1.07018,885.0
2024-04-24T04:45:00+05:30,1.07018,1.0704,1.07017,1.07035,1403.0
2024-04-24T05:30:00+05:30,1.07034,1.07037,1.06998,1.0702,1978.0
2024-04-24T06:15:00+05:30,1.07021,1.07094,1.07004,1.0709,2867.0
2024-04-24T07:00:00+05:30,1.07089,1.07121,1.07072,1.07119,3887.0
2024-04-24T07:45:00+05:30,1.07118,1.07145,1.07079,1.07129,5762.0
2024-04-24T08:30:00+05:30,1.07128,1.07128,1.07078,1.07098,2050.0
2024-04-24T09:15:00+05:30,1.07097,1.0711,1.07044,1.07061,2021.0
2024-04-24T10:00:00+05:30,1.07059,1.0709,1.07046,1.07068,1918.0
2024-04-24T10:45:00+05:30,1.07069,1.0707,1.07032,1.07042,1391.0
2024-04-24T11:30:00+05:30,1.07043,1.07043,1.07004,1.07034,1855.0
2024-04-24T12:15:00+05:30,1.07034,1.07055,1.06949,1.06988,3727.0
2024-04-24T13:00:00+05:30,1.06989,1.06992,1.0686,1.06874,5872.0
2024-04-24T13:45:00+05:30,1.06875,1.06926,1.0685,1.06897,6956.0
2024-04-24T14:30:00+05:30,1.06898,1.06901,1.06809,1.06851,4188.0
2024-04-24T15:15:00+05:30,1.06851,1.06911,1.06842,1.06868,3703.0
2024-04-24T16:00:00+05:30,1.06867,1.0692,1.06838,1.06911,3916.0
2024-04-24T16:45:00+05:30,1.06912,1.06914,1.06857,1.06888,3252.0
2024-04-24T17:30:00+05:30,1.06888,1.069,1.06835,1.06886,4643.0
2024-04-24T18:15:00+05:30,1.06886,1.06931,1.06782,1.06792,11060.0
2024-04-24T19:00:00+05:30,1.06792,1.06995,1.06792,1.06979,9288.0
2024-04-24T19:45:00+05:30,1.06978,1.07026,1.06897,1.06949,8487.0
2024-04-24T20:30:00+05:30,1.0695,1.07015,1.06858,1.06894,6865.0
2024-04-24T21:15:00+05:30,1.06896,1.06914,1.06811,1.06827,6839.0
2024-04-24T22:00:00+05:30,1.06828,1.06906,1.06816,1.06849,5284.0
2024-04-24T22:45:00+05:30,1.06849,1.06952,1.06835,1.06934,5193.0
2024-04-24T23:30:00+05:30,1.06934,1.06976,1.06928,1.0696,3066.0
2024-04-25T00:15:00+05:30,1.06961,1.06969,1.06871,1.06925,3767.0
2024-04-25T01:00:00+05:30,1.06924,1.07067,1.0692,1.07062,4513.0
2024-04-25T01:45:00+05:30,1.07061,1.07064,1.06977,1.06977,3337.0
2024-04-25T02:30:00+05:30,1.06978,1.07011,1.06969,1.0701,1906.0
2024-04-25T03:15:00+05:30,1.0701,1.07011,1.06968,1.06983,1267.0
2024-04-25T04:00:00+05:30,1.06982,1.07026,1.06946,1.06972,1620.0
2024-04-25T04:45:00+05:30,1.06972,1.0698,1.06965,1.06975,1017.0
2024-04-25T05:30:00+05:30,1.06972,1.07013,1.06968,1.07012,2640.0
2024-04-25T06:15:00+05:30,1.0701,1.07048,1.06992,1.07021,3265.0
2024-04-25T07:00:00+05:30,1.0702,1.07089,1.06971,1.07079,4144.0
2024-04-25T07:45:00+05:30,1.0708,1.0709,1.07052,1.07067,3023.0
2024-04-25T08:30:00+05:30,1.07067,1.07089,1.07044,1.07077,2044.0
2024-04-25T09:15:00+05:30,1.07078,1.07082,1.07036,1.07051,1728.0
2024-04-25T10:00:00+05:30,1.07051,1.07079,1.07047,1.07076,1269.0
2024-04-25T10:45:00+05:30,1.07075,1.071,1.07067,1.07088,1344.0
2024-04-25T11:30:00+05:30,1.07087,1.07132,1.07079,1.07121,2616.0
2024-04-25T12:15:00+05:30,1.07121,1.07278,1.07118,1.07224,5904.0
2024-04-25T13:00:00+05:30,1.07222,1.07249,1.07116,1.07159,9630.0
2024-04-25T13:45:00+05:30,1.07159,1.0729,1.07135,1.07246,7476.0
2024-04-25T14:30:00+05:30,1.07245,1.07286,1.07226,1.07244,5856.0
2024-04-25T15:15:00+05:30,1.07243,1.07281,1.07214,1.07281,3988.0
2024-04-25T16:00:00+05:30,1.07283,1.07299,1.07249,1.07287,3845.0
2024-04-25T16:45:00+05:30,1.07288,1.07292,1.07222,1.0724,2556.0
2024-04-25T17:30:00+05:30,1.07241,1.07299,1.07173,1.07181,3226.0
2024-04-25T18:15:00+05:30,1.07182,1.07406,1.06898,1.06898,20019.0
2024-04-25T19:00:00+05:30,1.06896,1.06999,1.06786,1.06853,27625.0
2024-04-25T19:45:00+05:30,1.06852,1.07099,1.06817,1.07087,21514.0
2024-04-25T20:30:00+05:30,1.07086,1.07209,1.07063,1.07128,15414.0
2024-04-25T21:15:00+05:30,1.07129,1.07203,1.07079,1.0717,7547.0
2024-04-25T22:00:00+05:30,1.07171,1.07217,1.07151,1.07212,4860.0
2024-04-25T22:45:00+05:30,1.07213,1.07364,1.07198,1.07351,4619.0
2024-04-25T23:30:00+05:30,1.0735,1.07389,1.07292,1.07294,5475.0
2024-04-26T00:15:00+05:30,1.07294,1.073,1.07231,1.07255,6857.0
2024-04-26T01:00:00+05:30,1.07257,1.07348,1.07256,1.07334,3244.0
2024-04-26T01:45:00+05:30,1.07333,1.07334,1.07272,1.07297,2971.0
2024-04-26T02:30:00+05:30,1.07298,1.07309,1.07293,1.07293,1474.0
2024-04-26T03:15:00+05:30,1.07294,1.07303,1.07289,1.07295,695.0
2024-04-26T04:00:00+05:30,1.07295,1.07309,1.07287,1.07288,926.0
2024-04-26T04:45:00+05:30,1.07288,1.07304,1.07283,1.07296,1116.0
2024-04-26T05:30:00+05:30,1.07295,1.07302,1.07254,1.07259,1565.0
2024-04-26T06:15:00+05:30,1.07258,1.07274,1.0723,1.07269,3082.0
2024-04-26T07:00:00+05:30,1.07271,1.07281,1.07239,1.07254,3641.0
2024-04-26T07:45:00+05:30,1.07253,1.07294,1.07253,1.07278,4938.0
2024-04-26T08:30:00+05:30,1.07279,1.07279,1.07187,1.07233,2663.0
2024-04-26T09:15:00+05:30,1.07232,1.07256,1.07188,1.07198,4160.0
2024-04-26T10:00:00+05:30,1.07199,1.07234,1.07194,1.07232,1947.0
2024-04-26T10:45:00+05:30,1.07232,1.07241,1.07214,1.07234,1262.0
2024-04-26T11:30:00+05:30,1.07233,1.07275,1.07229,1.07272,3637.0
2024-04-26T12:15:00+05:30,1.07273,1.07372,1.07271,1.07356,5507.0
2024-04-26T13:00:00+05:30,1.07352,1.07388,1.0726,1.07309,8658.0
2024-04-26T13:45:00+05:30,1.07309,1.07436,1.07262,1.07401,11999.0
2024-04-26T14:30:00+05:30,1.074,1.0753,1.07378,1.074,10856.0
2024-04-26T15:15:00+05:30,1.07401,1.07435,1.07308,1.07346,6245.0
2024-04-26T16:00:00+05:30,1.07347,1.07372,1.07286,1.07294,3256.0
2024-04-26T16:45:00+05:30,1.07293,1.07329,1.07265,1.07329,3858.0
2024-04-26T17:30:00+05:30,1.0733,1.07346,1.07152,1.07178,4225.0
2024-04-26T18:15:00+05:30,1.07177,1.07419,1.07127,1.07204,18472.0
2024-04-26T19:00:00+05:30,1.07203,1.0724,1.07093,1.0712,15244.0
2024-04-26T19:45:00+05:30,1.07121,1.07172,1.07006,1.07006,16867.0
2024-04-26T20:30:00+05:30,1.07006,1.07024,1.06763,1.06806,17539.0
2024-04-26T21:15:00+05:30,1.06807,1.06906,1.0674,1.06903,10829.0
2024-04-26T22:00:00+05:30,1.06903,1.0693,1.0684,1.06921,4283.0
2024-04-26T22:45:00+05:30,1.06921,1.06982,1.06914,1.0698,2825.0
2024-04-26T23:30:00+05:30,1.06979,1.06979,1.06932,1.06943,1879.0
2024-04-27T00:15:00+05:30,1.06942,1.07019,1.06938,1.07019,2137.0
2024-04-27T01:00:00+05:30,1.07021,1.07073,1.0699,1.06993,4855.0
2024-04-27T01:45:00+05:30,1.06994,1.07019,1.06957,1.06973,3401.0
2024-04-27T02:30:00+05:30,1.06972,1.06973,1.06912,1.06957,3484.0
2024-04-27T03:15:00+05:30,1.06957,1.06957,1.06957,1.06957,0.0
2024-04-27T04:00:00+05:30,1.06957,1.06957,1.06957,1.06957,0.0
2024-04-27T04:45:00+05:30,1.06957,1.06957,1.06957,1.06957,0.0
2024-04-27T05:30:00+05:30,1.06957,1.06957,1.06957,1.06957,0.0
2024-04-27T06:15:00+05:30,1.06957,1.06957,1.06957,1.06957,0.0
2024-04-27T07:00:00+05:30,1.06957,1.06957,1.06957,1.06957,0.0
2024-04-27T07:45:00+05:30,1.06957,1.06957,1.06957,1.06957,0.0
2024-04-27T08:30:00+05:30,1.06957,1.06957,1.06957,1.06957,0.0
2024-04-27T09:15:00+05:30,1.06957,1.06957,1.06957,1.06957,0.0
2024-04-27T10:00:00+05:30,1.06957,1.06957,1.06957,1.06957,0.0
2024-04-27T10:45:00+05:30,1.06957,1.06957,1.06957,1.06957,0.0
2024-04-27T11:30:00+05:30,1.06957,1.06957,1.06957,1.06957,0.0
2024-04-27T12:15:00+05:30,1.06957,1.06957,1.06957,1.06957,0.0
2024-04-27T13:00:00+05:30,1.06957,1.06957,1.06957,1.06957,0.0
2024-04-27T13:45:00+05:30,1.06957,1.06957,1.06957,1.06957,0.0
2024-04-27T14:30:00+05:30,1.06957,1.06957,1.06957,1.06957,0.0
2024-04-27T15:15:00+05:30,1.06957,1.06957,1.06957,1.06957,0.0
2024-04-27T16:00:00+05:30,1.06957,1.06957,1.06957,1.06957,0.0
2024-04-27T16:45:00+05:30,1.06957,1.06957,1.06957,1.06957,0.0
2024-04-27T17:30:00+05:30,1.06957,1.06957,1.06957,1.06957,0.0
2024-04-27T18:15:00+05:30,1.06957,1.06957,1.06957,1.06957,0.0
2024-04-27T19:00:00+05:30,1.06957,1.06957,1.06957,1.06957,0.0
2024-04-27T19:45:00+05:30,1.06957,1.06957,1.06957,1.06957,0.0
2024-04-27T20:30:00+05:30,1.06957,1.06957,1.06957,1.06957,0.0
2024-04-27T21:15:00+05:30,1.06957,1.06957,1.06957,1.06957,0.0
2024-04-27T22:00:00+05:30,1.06957,1.06957,1.06957,1.06957,0.0
2024-04-27T22:45:00+05:30,1.06957,1.06957,1.06957,1.06957,0.0
2024-04-27T23:30:00+05:30,1.06957,1.06957,1.06957,1.06957,0.0
2024-04-28T00:15:00+05:30,1.06957,1.06957,1.06957,1.06957,0.0
2024-04-28T01:00:00+05:30,1.06957,1.06957,1.06957,1.06957,0.0
2024-04-28T01:45:00+05:30,1.06957,1.06957,1.06957,1.06957,0.0
2024-04-28T02:30:00+05:30,1.06957,1.06957,1.06957,1.06957,0.0
2024-04-28T03:15:00+05:30,1.06957,1.06957,1.06957,1.06957,0.0
2024-04-28T04:00:00+05:30,1.06957,1.06957,1.06957,1.06957,0.0
2024-04-28T04:45:00+05:30,1.06957,1.06957,1.06957,1.06957,0.0
2024-04-28T05:30:00+05:30,1.06957,1.06957,1.06957,1.06957,0.0
2024-04-28T06:15:00+05:30,1.06957,1.06957,1.06957,1.06957,0.0
2024-04-28T07:00:00+05:30,1.06957,1.06957,1.06957,1.06957,0.0
2024-04-28T07:45:00+05:30,1.06957,1.06957,1.06957,1.06957,0.0
2024-04-28T08:30:00+05:30,1.06957,1.06957,1.06957,1.06957,0.0
2024-04-28T09:15:00+05:30,1.06957,1.06957,1.06957,1.06957,0.0
2024-04-28T10:00:00+05:30,1.06957,1.06957,1.06957,1.06957,0.0
2024-04-28T10:45:00+05:30,1.06957,1.06957,1.06957,1.06957,0.0
2024-04-28T11:30:00+05:30,1.06957,1.06957,1.06957,1.06957,0.0
2024-04-28T12:15:00+05:30,1.06957,1.06957,1.06957,1.06957,0.0
2024-04-28T13:00:00+05:30,1.06957,1.06957,1.06957,1.06957,0.0
2024-04-28T13:45:00+05:30,1.06957,1.06957,1.06957,1.06957,0.0
2024-04-28T14:30:00+05:30,1.06957,1.06957,1.06957,1.06957,0.0
2024-04-28T15:15:00+05:30,1.06957,1.06957,1.06957,1.06957,0.0
2024-04-28T16:00:00+05:30,1.06957,1.06957,1.06957,1.06957,0.0
2024-04-28T16:45:00+05:30,1.06957,1.06957,1.06957,1.06957,0.0
2024-04-28T17:30:00+05:30,1.06957,1.06957,1.06957,1.06957,0.0
2024-04-28T18:15:00+05:30,1.06957,1.06957,1.06957,1.06957,0.0
2024-04-28T19:00:00+05:30,1.06957,1.06957,1.06957,1.06957,0.0
2024-04-28T19:45:00+05:30,1.06957,1.06957,1.06957,1.06957,0.0
2024-04-28T20:30:00+05:30,1.06957,1.06957,1.06957,1.06957,0.0
2024-04-28T21:15:00+05:30,1.06957,1.06957,1.06957,1.06957,0.0
2024-04-28T22:00:00+05:30,1.06957,1.06957,1.06957,1.06957,0.0
2024-04-28T22:45:00+05:30,1.06957,1.06957,1.06957,1.06957,0.0
2024-04-28T23:30:00+05:30,1.06957,1.06957,1.06957,1.06957,0.0
2024-04-29T00:15:00+05:30,1.06957,1.06957,1.06957,1.06957,0.0
2024-04-29T01:00:00+05:30,1.06957,1.06957,1.06957,1.06957,0.0
2024-04-29T01:45:00+05:30,1.06957,1.06957,1.06957,1.06957,0.0
2024-04-29T02:30:00+05:30,1.06957,1.06957,1.06957,1.06957,0.0
2024-04-29T03:15:00+05:30,1.06957,1.07005,1.0695,1.0696,195.0
2024-04-29T04:00:00+05:30,1.0696,1.07027,1.06947,1.07027,746.0
2024-04-29T04:45:00+05:30,1.07028,1.0704,1.07006,1.0704,1802.0
2024-04-29T05:30:00+05:30,1.0704,1.07076,1.07029,1.07075,2309.0
2024-04-29T06:15:00+05:30,1.07077,1.07102,1.07063,1.07095,6260.0
2024-04-29T07:00:00+05:30,1.07096,1.07132,1.07077,1.07127,4531.0
2024-04-29T07:45:00+05:30,1.07126,1.07159,1.07102,1.07148,6930.0
2024-04-29T08:30:00+05:30,1.07147,1.07201,1.07143,1.07171,2772.0
2024-04-29T09:15:00+05:30,1.07171,1.07184,1.07154,1.07166,2273.0
2024-04-29T10:00:00+05:30,1.07166,1.07289,1.07147,1.07265,10016.0
2024-04-29T10:45:00+05:30,1.07266,1.07339,1.07263,1.07298,10549.0
2024-04-29T11:30:00+05:30,1.07298,1.07308,1.07238,1.07248,4108.0
2024-04-29T12:15:00+05:30,1.07246,1.07289,1.07163,1.07169,5093.0
2024-04-29T13:00:00+05:30,1.07168,1.07247,1.07085,1.0718,16062.0
2024-04-29T13:45:00+05:30,1.07181,1.07255,1.07132,1.07224,12504.0
2024-04-29T14:30:00+05:30,1.07222,1.07226,1.07014,1.07046,11256.0
2024-04-29T15:15:00+05:30,1.07042,1.0718,1.06975,1.07176,6928.0
2024-04-29T16:00:00+05:30,1.07175,1.07191,1.07124,1.07161,3955.0
2024-04-29T16:45:00+05:30,1.07162,1.07208,1.07151,1.07207,2683.0
2024-04-29T17:30:00+05:30,1.07208,1.07274,1.07122,1.07123,4212.0
2024-04-29T18:15:00+05:30,1.07122,1.07237,1.07108,1.07116,6438.0
2024-04-29T19:00:00+05:30,1.07116,1.07138,1.06987,1.06998,8512.0
2024-04-29T19:45:00+05:30,1.06999,1.07112,1.06903,1.07076,14181.0
2024-04-29T20:30:00+05:30,1.07076,1.07142,1.07008,1.07132,6982.0
2024-04-29T21:15:00+05:30,1.07133,1.0721,1.07122,1.07191,5735.0
2024-04-29T22:00:00+05:30,1.07191,1.0726,1.07161,1.07225,3582.0
2024-04-29T22:45:00+05:30,1.07224,1.07297,1.07215,1.07292,7490.0
2024-04-29T23:30:00+05:30,1.07293,1.07293,1.072,1.07208,3287.0
2024-04-30T00:15:00+05:30,1.07206,1.0723,1.07181,1.07212,4674.0
2024-04-30T01:00:00+05:30,1.07212,1.07254,1.07152,1.07193,4580.0
2024-04-30T01:45:00+05:30,1.07194,1.07232,1.07169,1.07225,3604.0
2024-04-30T02:30:00+05:30,1.07225,1.07237,1.07197,1.07234,2041.0
2024-04-30T03:15:00+05:30,1.07234,1.07238,1.07206,1.07224,525.0
2024-04-30T04:00:00+05:30,1.07224,1.07233,1.07189,1.0719,479.0
2024-04-30T04:45:00+05:30,1.0719,1.072,1.07166,1.07169,977.0
2024-04-30T05:30:00+05:30,1.07169,1.07191,1.07143,1.07146,3629.0
2024-04-30T06:15:00+05:30,1.07147,1.07173,1.07103,1.07158,4161.0
2024-04-30T07:00:00+05:30,1.07157,1.07182,1.07133,1.07146,3254.0
2024-04-30T07:45:00+05:30,1.07146,1.07156,1.07046,1.07047,2879.0
2024-04-30T08:30:00+05:30,1.07048,1.07077,1.07032,1.07076,6548.0
2024-04-30T09:15:00+05:30,1.07076,1.07076,1.07027,1.07039,3560.0
2024-04-30T10:00:00+05:30,1.0704,1.0706,1.07025,1.07038,1982.0
2024-04-30T10:45:00+05:30,1.07038,1.0707,1.07027,1.07045,4244.0
2024-04-30T11:30:00+05:30,1.07047,1.07047,1.06953,1.06991,2225.0
2024-04-30T12:15:00+05:30,1.06992,1.07028,1.069,1.07021,5508.0
2024-04-30T13:00:00+05:30,1.07021,1.07101,1.06988,1.07074,10171.0
2024-04-30T13:45:00+05:30,1.07076,1.07094,1.0697,1.0697,4230.0
2024-04-30T14:30:00+05:30,1.06969,1.07158,1.0693,1.07147,4203.0
2024-04-30T15:15:00+05:30,1.07146,1.07348,1.07135,1.07328,6618.0
2024-04-30T16:00:00+05:30,1.07327,1.07333,1.07228,1.07318,5284.0
2024-04-30T16:45:00+05:30,1.07317,1.07354,1.07202,1.07241,5437.0
2024-04-30T17:30:00+05:30,1.0724,1.07269,1.07187,1.07198,5144.0
2024-04-30T18:15:00+05:30,1.07196,1.07241,1.06899,1.07091,16655.0
2024-04-30T19:00:00+05:30,1.07089,1.07146,1.06942,1.07022,15519.0
2024-04-30T19:45:00+05:30,1.07022,1.07196,1.07014,1.07123,16501.0
2024-04-30T20:30:00+05:30,1.07122,1.07196,1.06872,1.06952,15264.0
2024-04-30T21:15:00+05:30,1.06951,1.06991,1.06855,1.06865,12767.0
2024-04-30T22:00:00+05:30,1.06867,1.0689,1.06783,1.06789,5980.0
2024-04-30T22:45:00+05:30,1.06792,1.06838,1.06761,1.06808,7176.0
2024-04-30T23:30:00+05:30,1.06807,1.06823,1.06753,1.06812,3162.0
